,Susceptible,Exposed,Carrier,Infected,Hospitalised,ICU,Recovered,Dead
0,59994,0,0,6,0,0,0,0
1,59988.33668558639,5.6817865623217045,0.0,5.060235677387327,0.07216700798522835,0.0,0.8675973146274446,0.0
2,59984.36206827167,7.905735364917075,1.7730404978670302,4.382982214863903,0.13436167501284738,0.00706735020795164,1.4681720295232878,0.0
3,59978.21948543299,11.890286324432175,3.1538670018943287,4.502936970460123,0.1789111490609191,0.012798508908349994,2.08729085788179,0.00039515293556225236
4,59969.83668692095,16.312166082523166,5.761396241701926,5.092946386947267,0.2050346741197369,0.025130832837368333,2.8246905920695884,0.0008911449277949576
5,59958.50799906561,22.230340012205613,8.994378213900273,6.206385594451717,0.24006360565575735,0.03664994336735878,3.8551212179727212,0.0021282191531669607
6,59939.64243835717,34.059105065786596,11.93460527464524,9.070662264275152,0.2789328512584338,0.044574023856385536,5.056358012533654,0.004079102810920272
7,59915.77329215952,46.93978857893914,18.14633488929299,11.846265733715075,0.3346414287684592,0.057242595463205176,7.004856679947261,0.005249908845943151
8,59881.49831425991,68.54682617396871,20.111894667759323,20.129788809711822,0.399036838940928,0.06981249852191485,9.365410126462137,0.007689845233047096
9,59838.75350669032,92.48830878238476,27.707805532453243,28.101302038981046,0.5156185335448158,0.08597184431237745,12.490874707232425,0.011252250893271972
10,59784.85350155716,119.47459546754907,44.37565685776335,32.91545545815866,0.650128895154801,0.10879650701522436,17.792734142516135,0.015592239924085802
11,59700.71846703525,170.14093804311491,58.55445967430124,45.140610575866894,0.8400893391486582,0.12901310190307197,24.68833412839057,0.021137127035534265
12,59592.05273561492,219.61100256480228,95.42166624165776,59.24955705817765,0.9879440546389547,0.16638935407707842,32.77954432931553,0.026245150050051937
13,59430.176933330804,314.334507067938,115.44167921229463,92.35213149545193,1.2454163070496875,0.20255803448680812,46.58345792299164,0.03175231039218416
14,59392.06507397967,271.118327203991,151.5373877303625,120.20290605678335,1.6928076770081792,0.24914320633693798,63.46243319237847,0.04035663487348016
15,59336.22735360934,240.66368954135592,166.24768120905085,169.50330547948636,2.194089722068416,0.2935368271364006,85.18916679574053,0.04961249722409251
16,59274.887585073855,229.71932624964245,144.5947984705578,228.35732435112513,3.32384312635983,0.3570600708237771,119.06783651271647,0.0606618263254928
17,59211.343193249224,224.18773664412694,160.86327545925562,246.64554026647474,4.811846191849554,0.46890126091974665,151.97680282426094,0.07113978528824441
18,59143.74609541865,217.80932830007305,122.7569603642619,321.5726042011785,5.633975188090399,0.5935263697691379,188.17489292016253,0.08105291921244093
19,59085.537677998735,202.83176981436753,133.96726957284534,335.96434739201163,7.767589053777949,0.7094183987833373,233.49372607076384,0.096637380122715
20,59026.69356825315,204.1776804079578,137.78187153807758,341.6112716771379,9.103308463105723,1.1555692480975999,279.7283276890824,0.11683840480145553
21,58970.39631447466,199.1526099217254,129.08385181743736,357.0840224489719,10.465638101504991,1.3912431958512501,332.6395199979971,0.15523572325838494
22,58912.57198017479,193.22915274030638,111.53837986387776,389.2661608707794,11.797485305001661,1.7859979781197082,379.98417537065785,0.19510337787132626
23,58863.61507602808,179.75171916074802,122.48241430782211,378.1967603988424,13.343258202402916,2.1476228119881338,440.59711047771424,0.23447429380979343
24,58811.39007666302,179.25466820785664,126.57695568874816,378.53946999361057,14.229100211246658,2.6296284076600323,487.48040478892227,0.2681317203414421
25,58755.82642398907,184.47406635000024,108.25456210437208,393.27410679933655,14.94560208891189,2.829426635622343,540.418137136023,0.346110578070042
26,58705.18459639042,184.68722263780143,99.97271848917084,402.5757448693394,15.544491822504732,3.35891340665736,588.640270041425,0.40447802409497463
27,58651.11399260089,194.34652301046614,102.49626820934876,383.7420456880734,16.04198626737266,3.6403954540873524,648.5178992044868,0.469325246683
28,58601.34137793063,196.59297163862126,98.26141187329307,381.8056710281383,17.141630096120892,3.864201648823888,700.8117156182641,0.5494558475129332
29,58560.22696352183,183.98154686730987,109.93524915974527,362.5716643550577,18.045293644939143,4.109656005404905,760.8755730721338,0.6224890549762885
30,58512.39798486933,183.61823309542376,99.51819630913492,364.3049085231469,18.10230034099599,4.4676190832578495,817.2810456706582,0.6781477894571921
31,58468.21225172087,177.76881206842307,118.83027071075637,349.26709557698445,17.914430592763964,4.780222048142549,862.8415422762654,0.7538106871999765
32,58430.28072169581,167.1703634587773,110.17639170312587,363.924437199083,18.354160258883113,4.994862518297646,904.584880659343,0.8826181880877826
33,58379.91230124753,177.39776069830265,115.48687348816999,346.31910971852653,18.564022798981348,5.390163666745011,956.3294324688371,0.9687715943118012
34,58340.69153452397,163.40876643240588,116.60743861495365,360.2977590654773,18.170100465754704,5.782062739561274,994.3261961828374,1.0845776564477139
35,58298.07480192673,174.78046792863708,110.48237081550894,352.69665728347724,18.128408477336126,6.126425454148911,1038.8651175471443,1.2141862484276351
36,58258.315910395984,173.53839077645534,120.96649145204805,329.48311030986093,18.837170115961428,6.266883294810134,1091.634314129209,1.3261652070757268
37,58215.035965888805,182.46011440273116,88.32918861893934,354.70912018145384,18.106638736591247,6.54104012868324,1133.7193162425008,1.46705148170282
38,58178.66568356971,176.1404495379206,86.4191266159039,347.87992625357316,17.49232170548251,6.829199006084272,1185.3255884688144,1.6161405239159377
39,58142.850281893734,173.78042434196257,97.89689190239217,330.8412082812841,17.710568224421497,6.947632224953115,1228.5941947194628,1.7472340931945975
40,58105.17754425584,163.71417268512909,102.43802271699218,325.5560013514467,17.814828010147753,7.16729072827012,1276.6306191478832,1.8699567856859887
41,58063.45125623621,173.29598487256666,102.56605473656205,325.7881031977612,17.349532149562684,7.2403718901436624,1308.682704662226,1.994427936372431
42,58029.82889805472,174.3416210959326,86.25607547949853,341.77997206774273,17.39549570195357,7.352833057077941,1341.2521506865269,2.16138953794393
43,57994.93038033539,172.58212427966345,102.04683218332403,329.4825875031298,17.27503548774263,7.765727485006119,1373.9509960637185,2.3347523434256807
44,57962.73219673423,172.637424149378,106.426874134198,322.4767122304885,16.9947755354847,7.937344143907876,1408.7145156274917,2.4485931262163834
45,57932.978226548235,167.13736076860098,98.5835019886677,336.2571153262483,16.92253681044637,7.793298390251034,1438.0737987403056,2.622597108642941
46,57905.775088390226,166.56522658400417,87.95926698125302,337.7206147606736,16.7104481196057,7.907560137297696,1474.9287923759996,2.8014383323442065
47,57876.324535341075,160.29485833376694,103.58354567491256,325.8853916101663,16.72795395033122,8.136551214554538,1506.4297622760196,2.985837280580576
48,57849.444096327,163.0068294280048,96.94478080139343,329.2069995767769,17.11077952835432,8.27293249246054,1533.24343426766,3.138583259742475
49,57819.37460566887,159.77401669775367,100.78951225543615,323.60402010876044,16.55981483837936,8.320614102525576,1568.6571839223595,3.2886680873173164
50,57797.38340976481,152.71606564342565,108.26016262202226,320.64991983894913,16.71799949710849,8.42481540024166,1592.7492866754444,3.4667762394003323
51,57765.09096189507,155.6015882762501,104.33685736874388,324.16886875803846,17.025871394261404,8.247162919771714,1622.184748158419,3.7123769108431217
52,57740.37291720641,156.58873135621286,100.7539538236467,321.15572786811475,16.52881455744966,8.641762500183898,1652.40680139653,3.919726972848201
53,57717.88696650478,159.9274670333489,96.62657768176294,307.185175637515,16.523752098329183,8.636523043786152,1689.530310187046,4.051663494824415
54,57700.68170083525,143.4437435864189,110.89096422995189,306.7367207436642,16.533364084006163,8.579206383104118,1709.2639086323572,4.2388271866495
55,57673.13584572286,155.36936287812006,100.53669498352546,297.65753572722645,16.933740102847604,8.727720712374314,1743.5463707131637,4.461164841281235
56,57657.54233253948,147.9733486244997,104.53355010715836,297.5079520257234,16.40353800149605,8.929489707163475,1762.824452846387,4.653771829495187
57,57637.938622411406,147.26953448042855,100.8098847426218,300.2772710062997,16.538117671134355,8.963777706685091,1783.7890035624123,4.782224100406155
58,57614.6921271082,142.5713561918067,109.79668027858709,293.4508581334131,16.18079895279434,8.683542479982675,1809.996674534131,4.996398002480865
59,57595.03187013404,147.11228341151985,98.70495335538745,293.0191057921547,16.866743693148177,8.574461540564048,1835.809711875777,5.249305878812978
60,57571.16462053654,151.16872207469606,96.97301940550416,281.3413613139025,16.077972544666387,8.793355351245701,1869.4373121824497,5.412072272389383
61,57547.79485824049,135.34853655286778,97.4073074015722,295.98979993467464,15.980855977883603,8.781467981293346,1893.5006341498204,5.564975442797292
62,57530.67791366053,129.40461584175512,84.74309783284006,304.56442992178114,16.34228804478846,8.828373816768774,1919.9852056459326,5.822510916990265
63,57510.61777691434,138.71921619368854,82.44699397711564,298.3993456561332,16.550803350739518,8.749931772979796,1938.9065326979176,5.977835118480459
64,57497.6852265169,140.423053271788,66.10495721286966,307.06290963336903,16.98022892883643,8.771134519800803,1957.2271048094804,6.1138207883516404
65,57485.8616384579,129.71143781619048,78.33624162117503,286.71410760351745,16.412083600672542,8.615091390107803,1988.3685197642228,6.3493154276119
66,57464.76929375877,137.2838898810195,66.79095966484344,291.98852726202983,15.90163827195716,8.600546012842536,2008.5124588131428,6.521122016791962
67,57459.51061313765,124.06821274366551,78.64079808910628,280.10164984313593,16.311835993820914,8.704331991750136,2026.3090318879913,6.721961994275669
68,57447.276082380515,125.91163667426909,74.65212391945961,277.8415431478163,15.64802758166718,8.713348855273756,2043.4649189595857,6.860754162813145
69,57432.620395968326,131.56679984149957,60.1781106746564,285.84116453115485,15.395148922797338,8.76385403461899,2058.9847749076202,7.018186800716233
70,57418.173970400676,124.54703827115077,76.13821440649696,272.16212465842443,15.721987129814103,8.815633892822705,2077.643551928053,7.165914993950109
71,57401.53471549603,116.58911979637045,85.08589073655718,257.93586569118986,15.261885540632475,8.832542958823591,2107.8134096196754,7.31500584211647
72,57394.71734289405,117.35010377457118,80.42198964905687,254.79812974793367,15.031472710070682,8.718612584114743,2121.81081898013,7.51996534147658
73,57388.3457230564,117.2965789805405,72.29626051750212,247.45602472126387,15.245126650894276,8.536004332788263,2143.436813498184,7.755903923825759
74,57378.343197474744,125.41955682033722,53.896568926435414,257.25991392337784,14.473241661016798,8.477441124356892,2154.5670797808534,7.931435970283231
75,57368.04220494807,126.00527331188616,63.11719309077459,242.4406154868078,14.170991930238277,8.409540878098532,2170.061736015244,8.120880020281367
76,57356.13541449809,123.1145484077135,72.4319980376983,230.52720519493607,13.619378015692014,8.333847132623314,2187.8697282412822,8.336316153367832
77,57340.315128601884,117.35555440002048,86.20877425210149,219.3019175113334,13.317541041359211,8.2876045309916,2207.056536535069,8.525378808643062
78,57324.20187893401,111.75954954175704,94.15188847787537,216.50493549281063,13.445708921001552,8.080280163625527,2223.579918644085,8.644275506246938
79,57313.64542972009,108.36189434779348,82.55315691609164,226.82952068862,12.856252981700326,8.054893595073406,2239.302196908015,8.76509052401988
80,57309.18947052919,111.36629113464788,75.73624662734582,225.9367843272141,12.205002819734931,8.08157218629115,2248.8922981094593,8.960769947523476
81,57299.200728077776,114.34826281524694,69.2580957493,230.74781498222006,12.058263810860945,7.987191064024288,2257.598008328806,9.170070853161816
82,57287.658678847,109.51132090796872,78.16398984199574,228.5192706053544,11.566564032038853,7.807614354089178,2267.7908061981757,9.35019089477247
83,57279.85683576512,112.0056124427213,72.72109864383987,232.1081259242292,11.542507717508624,7.77084136505502,2274.817164313851,9.54624950907758
84,57266.68704564021,104.56275589380915,81.4368866986836,230.04288621061593,11.735165430951055,7.714767653610701,2288.5002519114278,9.688676242092152
85,57260.040037133695,104.58159361927942,82.00040510875095,231.84156503800506,11.516743658270041,7.544695078834135,2292.942393063398,9.901002981175331
86,57248.48160407403,108.67432981271341,75.40775679287248,236.29896494959831,11.573774191259462,7.386853108718436,2302.5030728976735,10.042079854529065
87,57247.782959231066,103.97947475657112,60.136083882564634,245.82629189734234,11.22195299627291,7.279273916555823,2313.897436014614,10.244962986410313
88,57242.65200986733,109.75745785234994,50.73401730892154,248.7991406981393,10.95555490682862,7.283716737434682,2319.7798714867417,10.406666823662775
89,57245.59295055694,102.07248050305118,54.2066478614241,241.28608661714856,11.05879156709862,7.132124120769935,2328.430365010762,10.588989444202246
90,57240.78418966719,98.99800029806839,58.330012959416166,236.75749065768534,11.111356793156672,6.982486310065452,2336.660856046614,10.744042949205541
91,57230.04385621908,102.80803277412193,52.71706072472823,228.4538125247347,11.259247462161976,6.897399131694738,2357.289860344647,10.899166500234386
92,57222.453843310795,103.67544385884274,58.92790411161269,211.56906331740086,11.42593643515711,6.7595881315874005,2374.517569975537,11.039086540477465
93,57222.864737571195,98.73906361414866,69.9531545222152,205.5788409338874,11.821609853180606,6.667178502666649,2373.5524596321648,11.191391051939801
94,57214.508570696285,97.56421076872526,66.25372841674488,205.6784607956069,12.057431689925645,6.682898487903127,2386.304722605167,11.318412221045667
95,57212.9742294095,96.209698607112,69.77749053810173,204.91733734042305,12.203990908683183,6.627856476240404,2386.1713583007986,11.486474100538796
96,57209.306461675355,94.09644810004792,75.10925772277997,206.11707943140811,12.022713111981114,6.611482008367823,2385.4600272640405,11.644966367412172
97,57200.977757805376,96.33074491004245,73.55851797061634,210.52047680258335,11.945323402955587,6.509057146674837,2388.7654173525016,11.76114029065115
98,57199.51423929662,101.771284810747,64.73809952328382,211.0353113586865,11.698288035493063,6.60165893472978,2393.0831925429834,11.926361178855153
99,57199.1358070462,101.92823319810294,49.534810404690305,221.9302049000431,11.437663867587517,6.394472825084906,2397.899119704695,12.108123735006458
100,57192.617612168615,106.09982331665826,52.302007236956634,212.24501803997532,11.10268214854143,6.36686640197475,2407.415084165557,12.219342203119037
101,57190.230575163725,102.85880213991086,48.40611888681562,216.85781339653698,11.17941545006455,6.238927511184201,2412.2193496925884,12.377433440578434
102,57190.004984970976,101.68317087319141,57.31173076209066,205.2790748205766,11.076535369886235,6.168215570577618,2416.352164964228,12.492558349871883
103,57195.04296742019,94.86070888524613,60.789223746153475,197.03322298499327,11.044194526328608,6.1339764271039945,2422.808603011606,12.65553867978
104,57187.09376258285,94.42910422333478,65.5424968524472,198.2690285690309,10.996446941111504,6.047448897438147,2425.193186331004,12.796961284190083
105,57188.95139894338,93.40578077210968,63.02620533771153,200.67947571802688,10.80904509420661,6.020816886180904,2424.5841681428815,12.891544786898201
106,57181.17219507649,90.87967595063243,67.42983939635448,200.48461553712676,10.725842546804431,6.030860205216319,2430.6274030490554,13.018003919719542
107,57178.17885771514,89.1353223648066,73.40557345369763,196.82454495947877,10.224994086250849,6.155447549022986,2433.301572760177,13.142122792831625
108,57164.95651372303,94.975707519792,65.84470008004277,206.921470118366,10.331351253114574,5.964014900859093,2438.1198733021743,13.254804784024712
109,57159.21432980789,98.35884227176648,68.14813936456241,194.0921911304137,10.13424670874838,6.008637942511924,2451.0364005173196,13.375647938194035
110,57155.199177199036,96.99190583917259,71.06608653799647,192.1764475007483,10.321142782445483,5.935793581837511,2455.1543699877757,13.523512252391125
111,57147.326436464704,97.8061789266861,54.63049911032102,207.98528033031448,10.210541064087506,5.853553694269842,2462.949518201483,13.606427889536853
112,57145.79812215699,96.7444257676747,50.81872475348328,211.15247266035533,10.065202521119845,5.804705209755113,2466.264195970469,13.720586641552764
113,57145.872003344695,94.82492730429063,49.74738794456324,209.71505571142865,10.241312670595473,5.786397096868541,2470.3455890861273,13.835762522841485
114,57139.61497255815,92.83317804047255,59.145832561684465,192.91802647835848,10.864902389958134,5.698670981877561,2485.3693788037845,13.923473867124688
115,57134.673099032785,91.21676639307451,58.11505829882085,198.14158718143423,10.388732467711382,5.56846599680467,2488.25857199861,14.006154312164496
116,57127.220681467224,89.50608316282212,63.889343460075274,198.32171486390945,10.096775939746026,5.387992402899402,2491.8466771183175,14.099167266420945
117,57120.79575145971,96.26598660927263,56.29319487147369,200.60428671101036,10.001172455995267,5.400974286595986,2496.7814307878184,14.225638499537908
118,57122.2881082042,90.60340014218613,59.47479568019915,203.3428563626999,10.021759428628974,5.503661337413745,2494.820598230495,14.313256295588886
119,57124.9520032124,89.65240712073226,65.67797183196949,194.88421177010105,9.91696369478296,5.377020130508293,2495.472473264494,14.435384656417126
120,57123.740720257556,86.62522525002662,58.02178829251385,203.45461949490695,10.063277382827675,5.247056491799578,2498.6539937839293,14.561754727846472
121,57129.76400717836,87.07601629448635,55.06451855685898,204.79367750758576,10.452897064647898,5.270960220584202,2493.288484395185,14.657874463704093
122,57126.08164549922,90.39106671947049,51.595152190780176,196.7953724075348,10.258962900072714,5.271787574123443,2505.2015642942624,14.77288409595289
123,57124.9131595737,91.45586437444669,56.911517601894296,187.0240159572129,9.96433039239937,5.352830787930822,2509.8649794822604,14.881737511573789
124,57125.98726949324,95.9980308423393,58.276456300117715,181.9315891185382,9.8147620413418,5.584534088658381,2507.7984412684204,14.977352528747232
125,57120.809797543916,99.23456619128885,51.05295305130833,186.14394874078405,9.683906094762037,5.6600704438509,2512.7221942382757,15.060999377223407
126,57065.44556114719,153.85622469295228,54.592418176341106,176.69507620083974,9.939541645244523,5.5415854175967345,2519.147153600726,15.179986657476759
127,57071.13128023046,128.1008941373259,83.44759526416716,168.97747590582583,10.067848228541019,5.348885759332141,2518.071967732085,15.251600280627354
128,57058.141356477485,131.0557824908904,84.59654260170485,171.20385585194498,9.658745000494559,5.378763232150702,2525.032527736021,15.329974147682014
129,57048.98993321694,129.99643849717972,92.06645591207588,176.52728124059806,9.534976952546081,5.4160608568013195,2522.413731176564,15.452669685663416
130,57038.080115164455,127.71314828415859,99.88272027664716,184.34503661484305,9.374743602870405,5.651891640388572,2519.8149335252956,15.534958429713434
131,57031.083444458025,129.68468493598849,101.21975612780217,183.36846195216432,9.562772639844674,5.600659242027585,2524.247975962723,15.629792219792893
132,57013.71401160867,133.3250068429776,99.37281158074494,195.95418645958262,9.496895893678426,5.481946760692198,2527.3120353364366,15.740653055583358
133,57005.13781009491,129.70025456683913,86.05803547949327,217.52514583013226,9.567651101627833,5.417456294991324,2531.1749652727626,15.81622889761999
134,56993.12133585775,128.16713780818534,82.65698901515663,228.60220180513986,9.458217835700019,5.353154508790407,2537.107228002718,15.931282704931531
135,56980.438362936984,126.88776103544753,83.47786044845118,231.94376238643054,9.77476164252713,5.45094491503177,2546.35760244692,16.06649172657331
136,56966.97723637487,126.86199721067939,93.91285893186318,220.12733017160446,10.243710274322906,5.382130966652134,2560.7057727397705,16.18651086860826
137,56951.90842297866,132.63874333263695,70.9358606721614,242.42144713260208,10.586310889185125,5.510213849968969,2570.1028678328626,16.29368085029448
138,56933.335348966066,129.6193812121294,86.36985250992419,236.33894843408737,10.791666414455372,5.4244689667365815,2582.1258042273344,16.39207680763979
139,56922.613511822405,130.27455396186434,92.39924530705927,224.86771645526272,10.70101982857417,5.366643548327564,2597.702013593325,16.472843021555086
140,56810.80722719558,226.22569143180965,97.27068044605599,220.36145917077158,10.713305966053857,5.25112488028873,2613.232256912164,16.59704347839663
141,56690.40128707748,307.9977319162787,109.35793533699021,236.9167282646405,11.10041077276735,5.230250825072833,2622.7893965652556,16.711698874255486
142,56661.62326787429,281.3677005147612,126.75521556372455,266.4650929783082,11.287554484712627,5.461625692708382,2630.750429178297,16.79455334594076
143,56628.637809236374,264.0718701830418,144.44055485917335,276.7197799983652,11.364755629310569,5.329309072407669,2653.0382430611453,16.90311759291505
144,56594.56742928891,245.86937086412243,148.49485432114292,304.50754019695955,11.55996575396924,5.331412934685812,2673.1660272374857,17.00883903546703
145,56554.32658912594,240.00015717507307,158.83779506093538,313.39467345323635,12.225414796792041,5.2574683134845195,2699.338917886813,17.124423820461995
146,56511.55147253358,230.71936760217935,139.41929706959056,363.0658406974317,12.11211595273422,5.529257592993543,2720.8961298289883,17.211958355248836
147,56479.34670610741,224.81585134739296,152.283370523879,362.0116273123863,12.860098160135871,5.572227098614108,2746.3019298682616,17.313629214666225
148,56437.51438569066,224.4394960555399,161.1256314895091,363.39109624179036,13.781084734654327,5.724911359660897,2777.1208639865513,17.407970074380835
149,56410.20720349131,208.04418940317387,173.13080375294945,366.3262222835689,14.01775821463935,5.73782207892277,2805.5331529352293,17.508287472956336
150,56367.640157198904,214.80346772507102,146.5246438074516,394.8834028974896,13.869710487210842,5.691411244243493,2839.4223467259035,17.67029954646608
151,56337.86469681528,202.04451036504926,152.13847241675688,404.7797469335871,14.514362890360403,5.823112727366606,2865.5438202693176,17.796717215020333
152,56299.50268245202,210.72957056383316,152.79931879154907,388.23509926005914,14.749464960981278,5.912469005159438,2910.62969016218,17.947144436963185
153,56265.81610181109,218.9043855244714,113.4318977851934,418.5298323996133,15.48852281120419,6.284452263187574,2944.0136044647784,18.03664257321135
154,56102.65017685818,342.77941076265483,124.69606141857415,408.939501536056,16.728871794488555,6.548525328055062,2980.082506079608,18.15913159517125
155,55922.74704898267,457.0438598937601,168.53432236014265,396.48353754428365,16.558152763892636,6.777848780695055,3014.2436229310774,18.27527206124074
156,55697.44059171962,593.6393223816606,215.39945907128038,395.515767360512,16.874466140517615,6.863310476876362,3056.649128740574,18.377492055314377
157,55643.01674272074,514.5985522768924,282.9593221940647,415.90751460677984,17.01541586724559,6.755494277588068,3101.9701986280406,18.536297375001027
158,55569.79334705166,448.85791458233143,327.0355980084267,469.66436289610465,17.980717504046748,6.860855978072216,3141.9038203135387,18.662921612182284
159,55471.179460554464,450.3105529281279,324.63846415767944,515.4626528922154,19.025742143156723,7.208012403411607,3194.1514977966062,18.783155070701913
160,55386.95500491487,409.4272321552027,358.82637115807916,532.9346354372295,20.732483852768887,7.255103972521108,3265.69820357253,18.930502883159175
161,55301.897358649105,407.002531702202,328.95777189897177,576.8024618449208,20.970926387496657,7.4357250519871,3338.6053404629038,19.087421948777923
162,55212.59945096256,407.98697725145075,335.20892401117203,590.8968011766802,21.522006917893428,7.564224357249446,3405.7537880631817,19.227365206167498
163,55130.5525161635,419.03050063962854,327.3607837064524,593.987586878994,22.506614471934892,7.923039957543815,3479.9973486613267,19.401147466969466
164,55048.97580233859,423.11964352551166,259.5258498888178,680.1541614401025,22.99393659961907,8.159779792117451,3538.2713298207136,19.559034540872005
165,54968.04004272116,409.5141169246049,265.0449936644594,707.1294100255626,23.879814009980624,8.564559309439744,3598.807713325114,19.77888796603027
166,54899.50481303042,369.5301297214659,268.2693465152072,736.2396625065404,24.788698048982713,8.752151026424848,3673.6883904677807,19.98634662953278
167,54818.68981175963,383.8354607625065,227.86539588221714,766.3885831664151,26.285763677201256,8.984967299517322,3748.530381711877,20.17917368699114
168,54549.390281012806,564.331616008867,277.8106998669154,727.3525209272186,25.847109789526325,9.385872249014046,3826.3870541629917,20.386068960714116
169,54167.00531801204,809.8167562764804,333.691287500365,702.8671886669312,26.04072281848786,9.80416650860916,3931.2393504795577,20.601418490855597
170,53783.10224694102,1006.1248401842165,402.57127712932123,734.3835886574808,26.22775591530568,10.465728717522117,4017.5805550570412,20.779502405835004
171,53345.54928724183,1144.4104673359718,510.2502789388918,842.0546136458831,27.86253013640435,10.829627217611051,4099.485764632226,20.999023739089175
172,53205.16113086569,924.1550365294685,707.5598413101047,884.5997572244855,29.898642028664,11.087061328088623,4217.69219088685,21.287932714567884
173,53027.70298237008,824.1898467604717,740.9630745299855,997.4947323737767,31.55952768411781,11.486209141221261,4346.544070950643,21.501149077622003
174,52816.81873257105,802.0174603095112,621.6800060775881,1205.83620162389,32.251500925309216,11.573358339028173,4489.54139479375,21.722938247779997
175,52628.776480933004,836.1920553485907,585.7370164750399,1227.7312628553186,38.03207425433008,11.650943092234428,4651.373337780041,21.948422149352282
176,52467.808391673956,827.0877736522874,567.8435330591601,1259.705271033759,42.20978658617242,12.106511827488028,4802.514530502625,22.165794552466217
177,52307.980556066395,819.7459864263742,518.2765525293466,1315.209936414966,44.809118014013976,12.928832284090603,4960.0409495922,22.449661560524675
178,52147.664479701394,761.7342367506988,487.6501313940418,1395.5418997424058,49.33811942872921,13.660180113563012,5123.135506880003,22.717038877064642
179,52001.792461720586,753.8905836567918,435.22054239938,1399.4946800850785,50.69316277212503,14.560044886922116,5322.881151901025,22.90896546599675
180,51891.76607844232,655.8962386956214,490.738082654976,1399.4493847485762,50.88223828499437,15.299723366566363,5474.140905764246,23.26894093060236
181,51766.38507948685,649.5983770265282,428.61960598969614,1411.5335673276666,52.383525230419394,16.158611323123093,5653.203174382583,23.5596521210417
182,51175.36126634633,1098.0688613442408,447.42491850255414,1363.5017286993643,52.056096878050376,17.270016733229053,5824.192636287119,23.865292390758455
183,50676.059706000364,1345.9866953262242,583.8282569004775,1310.139177935258,50.46832519895219,18.587612491713536,5992.589809143205,24.31108694363823
184,50051.44170214969,1624.8571973691855,791.7066351883713,1286.2058423148435,50.299342978480766,20.234480021321897,6152.966808853706,24.591587364960134
185,49198.08453174923,2047.985379168481,984.1919736480139,1325.583549345232,51.543591041404405,20.40016281053296,6349.985661516617,24.951425874965594
186,48278.218992684946,2480.0488146755747,1173.3044098676767,1428.2426918219344,53.439400002665145,20.270919626609235,6544.346139223006,25.299984881264994
187,47984.510275085486,2110.70652049983,1264.6797138350344,1745.329303938103,58.21672636512926,20.257549959217492,6793.784292213118,25.686970887757855
188,47697.63400099908,1890.3417543273943,1323.811786957571,1905.8793680684905,61.12352052820699,20.905310835362286,7077.43601507186,26.039595995707625
189,47348.78120440933,1799.494270865034,1209.7305258793335,2117.9088609237833,63.16512535561001,21.878670880291928,7415.7909873004955,26.42170716980567
190,46982.75231004566,1626.8174882965168,1191.8068943747585,2337.683748808908,69.21805517424272,22.606594074990756,7745.344284298449,26.941977710150958
191,46654.06043122384,1519.887307718423,1264.8982385634845,2380.679444644553,70.83173679363024,23.518939942701518,8061.905741437793,27.38951245924438
192,46319.957849078244,1514.3501828566523,1089.819408244938,2537.9923441645988,71.16556099500032,24.37604540989865,8417.55007784048,27.959884193864003
193,46070.25151937371,1468.6620766236429,1106.419291828047,2480.8789086357947,78.06039980101406,26.27159170131978,8744.207989990216,28.419574829927324
194,45823.03934299212,1427.2208657748888,965.2442051550365,2595.8439059295965,87.05281786584199,27.396198897741222,9048.472247383028,28.901768785425187
195,45629.201447655716,1229.7332064503237,1027.1032268121492,2625.15975549403,89.097384141201,29.373301176061695,9343.911470070625,29.591560983567785
196,44588.52718652727,2018.8205702473217,830.3719337196685,2760.905795239442,92.09676357282835,30.756862584357993,9651.69675272854,30.350984585093236
197,43646.30777907311,2532.6644911876238,1034.3814144519029,2625.1645789375475,99.21917008153106,31.518373459307227,10003.577706842063,31.045639206710494
198,42634.156376702216,2831.753134374032,1327.314937883849,2701.7837038138905,102.83691812860665,32.41238100744322,10342.560003300241,31.607886302620496
199,41437.78592959927,3147.547053009897,1755.1243009821487,2693.9048046136973,104.01110355030032,35.43540090897239,10799.036104298752,32.103842415594094
200,40126.98076055877,3647.438433795424,1993.2531615750668,2826.3603593550047,102.89071054460128,38.13051062213764,11237.822388386166,32.65552492349987
201,38559.278652474706,4290.099585412252,2275.9415822696483,3005.2982335217853,104.59636147092937,39.20766919921483,11698.45990291109,33.49377750422035
202,38129.48738068424,3613.5222131417545,2688.044359160885,3211.4601121642745,104.01152553855958,41.536857627654896,12183.978516711124,34.334799735350565
203,37620.35185826961,3101.9030766230326,2850.415543009475,3420.651800746199,108.13688166780888,41.972325636050506,12827.735904225923,35.20837458573292
204,37113.21139313967,2833.1635652016544,2668.792695149135,3774.366693284576,117.4000444393942,41.79667739410018,13421.767428988716,35.87726716659894
205,36600.012221589895,2475.309094966016,2361.4988796216794,4314.200544059613,126.27946175611423,43.210381648057094,14049.200599075388,36.664582047077054
206,36211.292785214835,2325.269908500097,1857.5174130688881,4642.704591339632,130.30038436245724,43.92921034742141,14757.629215527371,37.732256403140035
207,35927.49755274207,2094.5592471413493,1823.46114671233,4527.879871798562,138.58536559645628,45.838812151492085,15409.872748727896,38.6810198936922
208,35611.271035515034,1885.6786361359234,1831.95425113679,4428.790343815613,143.7510513644999,47.20894406543288,16018.20917745873,39.51232527181963
209,35315.93868914973,1767.0895251490297,1564.3039892447632,4481.677248329848,148.73816029195973,48.81600723280981,16639.26060319625,40.551542169455246
210,34054.367442950206,2603.317644399623,1363.4941719678984,4462.97612649849,147.9866360014273,50.880424986917106,17282.69433141571,41.29619850370013
211,33078.805472195,2801.367781051437,1675.6061601541396,4280.903470869922,155.3136819002361,55.15414276193019,17917.769915646793,42.64265628324697
212,31937.26117316962,3198.567942084801,2015.7710802765855,4091.457992612878,154.05828818223705,57.48716125057969,18510.003136317908,43.51475366569277
213,30640.119126668997,3685.518421078885,2256.550214733897,3984.0648641116977,149.34185229367512,62.79107727790869,19185.594656265566,44.69616522271031
214,29241.68530865535,4192.208488627364,2180.786259182113,4356.922909782188,153.7355000982859,64.48477843997004,19773.393574585425,46.13877565634967
215,27791.118581821094,4703.7766135097945,2575.4207135249676,4315.523696860571,164.29670461393675,66.45869712195564,20345.960181657985,47.549885782908916
216,26406.5225900138,4737.683519892806,3106.166360955333,4450.730080243521,172.58053183517583,68.64266988620602,21019.531787621956,48.95257748737367
217,26088.94691820335,3998.195032454892,2904.972763217227,5122.604728978498,174.5531950214497,69.49930684698298,21601.20756169356,50.83061152020622
218,25854.544921000925,3247.9288380392372,2735.5189261063806,5518.374699072661,181.29305746536065,69.36363485759018,22351.533946962576,52.252094431436646
219,25573.48074020029,2750.7464667618706,2657.232390422461,5440.562199431596,185.54214480003907,70.86828572530656,23278.6056991077,53.77219148690269
220,25345.176542137382,2269.239588884848,2776.6285487914083,5138.151518325466,200.6862129515483,72.29456268550278,24153.738171475194,54.894972684811044
221,25128.708238375817,2074.661893205028,2089.487794953704,5312.33787044054,204.8834524375733,74.42173348791943,25069.302023388038,57.007111647546864
222,25062.576124792595,1736.1911515033285,1866.0503011233839,5329.26075842675,218.3988767471272,74.66947321891257,25665.28863275673,58.37479936733271
223,24957.974064399237,1487.1136222578439,1586.3422161584258,5385.513798483271,223.37446435904891,81.36811159319353,26229.058185529422,60.06565515571759
224,24149.194085019975,2124.8409977646043,1400.8507936214144,5118.112839447681,220.09208344644907,84.7309551110414,26851.603842209708,61.84441773758562
225,23471.89222566671,2338.3497561201525,1586.0694009256554,4777.8368894887035,224.9682388874206,90.02685221454156,27459.334502926387,63.217586698092745
226,22686.599049335204,2706.9259627102892,1713.5541381015605,4328.106508658661,223.03176721113482,90.49713576081912,28197.95068979453,65.4581390620487
227,22091.548197029202,2819.3748074355735,1976.3845333831193,4134.637404179211,221.5086904467033,91.17717341221152,28610.121637170774,67.72852240409279
228,21259.96655022338,3089.0928315917618,2187.3878378233067,3976.1441090739336,210.3375350293632,94.81394098142775,29125.840921716266,69.36332272276628
229,20570.368923027232,3125.1295586500446,1969.1467393718751,4319.960009383561,205.22577933267803,92.9265941532714,29659.198984713803,71.42937214347151
230,20067.622974538142,2928.038763361696,2300.395933933512,4267.866112095073,197.535215700871,94.55219479290464,30084.6541811445,73.23478904718634
231,19418.588538714153,2990.821697902621,2237.9530292774493,4406.296105226332,191.3118794476802,94.76815225795787,30599.493340632842,75.17357201958787
232,19409.08353341799,2468.726373155312,2264.931178741075,4327.042353178867,195.97386450516035,92.99380084940702,31178.046590653,77.60862097780812
233,19422.342023851856,1928.3852013718301,2345.383884133286,4283.335429154349,197.96850852805662,91.42624836985331,31666.01315612011,79.55186394928006
234,19471.04566926961,1533.3993284700778,1951.9070039277171,4356.5684966647,199.0756219341403,93.21399965094068,32327.144930510956,82.05126505047728
235,19553.91588999265,1229.8164008092467,1605.1134735956819,4460.731090257159,194.63940970618097,93.93727173928241,32792.4922391573,83.76054022111856
236,19632.198726768256,1080.6969983316737,1205.2819610525653,4268.952339090533,186.46516286236036,97.57177460597973,33457.39141020776,85.84794255948631
237,19750.238956906967,893.6469752413846,1073.5507963821037,4029.188166078309,185.0739086516282,98.1838139861426,33896.107704138616,88.41599409346351
238,19513.389082609763,1207.1952747263545,936.2154515684635,3788.4423505745453,182.54979023199743,95.92381468318517,34200.91662423373,90.08747123704653
239,19322.01124119306,1265.5665530442157,1067.2261522716335,3371.581089240587,178.43084923509264,93.66148303126045,34624.34655143479,92.183078880593
240,19117.690213801558,1411.9210541298867,1015.5862756679946,3091.0544769743974,168.1289578399386,94.2462742488975,35022.97680537505,93.70876747161137
241,18944.7075412674,1446.2805671383837,1073.2316181409033,2811.926084835296,160.6519411082551,92.08613538958105,35391.370135792626,95.35295582398469
242,18787.700113494255,1467.861637546587,1123.0071855916976,2708.8221926122364,156.9048229077408,92.53265363344246,35581.52065233421,97.53150247501095
243,18683.032516039213,1441.8552296034923,1085.6316750980698,2729.9519964961632,150.2813474517913,96.14035705776656,35729.99513404036,99.29174383043777
244,18563.203034736343,1415.8545408157497,1132.1191502756224,2617.0672676009344,142.3077111851882,96.06726991745126,35948.8436891088,101.0159000020053
245,18372.38738689832,1392.7937728375705,1280.3255747826558,2496.3342685648477,138.31112155898512,94.86519476571925,36138.880227846385,102.88761921036135
246,18234.640752942203,1499.2209077241441,1254.8087613233579,2360.396806050562,134.3728731701798,94.87764357752852,36333.848906332474,104.93007918470684
247,18448.762190169804,1213.351856414852,1105.0327301325192,2427.824572568603,129.50119388336358,93.12776265179971,36493.10241512291,106.39400936131563
248,18669.265102026926,927.3348493633983,1136.693339302933,2364.456449055681,124.39729386980369,93.88229629373197,36593.01301749439,108.0543828982848
249,18926.634973728647,783.4699202743709,993.2496413176718,2337.985024073372,120.89129277180517,91.84969087764283,36653.04031265775,109.97587460389349
250,19134.901468294593,689.7611689677047,885.5008178479745,2194.1746406667953,116.77726460115525,89.09456596746007,36795.478219283585,111.4085846758883
251,19362.467111981077,545.0606695003016,876.4034232310826,2006.5302288373632,110.19139292587202,87.86256096511485,36915.713499855265,112.86784300908285
252,19438.331998994647,727.5267652004748,738.0379363472359,1948.046101845169,105.22006456100578,84.76483094298565,36860.76637141182,114.63976383596068
253,19455.958428512582,860.0548152939941,651.8658654702992,1867.1254936302985,102.9680419099065,82.76543539565205,36880.35287268772,116.5067431710551
254,19544.28567989701,876.9516506066087,705.0597008782825,1698.9964707977026,97.92355229894432,81.78339951555449,36893.99332471184,118.8222324863931
255,19616.964951392933,844.0088795115103,721.6137976504011,1688.6450415467846,92.197678305046,81.16540881143757,36853.10350073512,120.34157040509969
256,19654.94287880642,857.5780157092945,763.4757333044051,1585.3564230711045,90.61785366822166,77.99721673285262,36866.17000852931,122.13395901421715
257,19662.885807163664,885.5678602002259,675.059143860257,1578.7781095014516,85.53947865065102,75.74928983339458,36931.74513257456,123.1697214738781
258,19709.566215127215,918.1812344563996,626.7385724119507,1544.0463768789673,82.63914212923389,73.53288181460353,36939.548998885875,124.48663967138755
259,19763.56668725598,945.4253977941024,627.148500989678,1516.1875098615965,78.90671920799446,71.08815289395352,36890.26589514699,126.37215159349115
260,19825.423962673354,987.5046804177764,622.1656994277695,1474.446058382848,75.14390101265273,70.16334296496163,36836.66693843589,127.70361078913372
261,19924.826918361123,947.1077009228718,718.2955894197102,1369.5754866919353,72.92821536130853,68.73969308673225,36789.02661797725,128.94827808173278
262,20225.856710877306,741.3398147835194,693.7748036124045,1392.5936270225318,70.75715966255083,66.35339294142206,36698.56704619269,130.20594481024736
263,20457.481115783714,620.4126912375864,660.4350706628014,1359.7321837282848,66.72195765654675,63.94537013110741,36659.14165342925,131.5784572733754
264,20677.027619349516,502.8914020595513,661.9136595607242,1252.0066213986859,66.49143511640925,62.65662763881231,36663.5396330944,132.92150168457306
265,20954.336591048137,424.07400887842056,577.0717475410326,1203.5584546922566,63.24686097486026,60.73633138729015,36601.863746508694,134.560758871978
266,21021.532983322704,572.48534662432,490.3623009135537,1156.208047192367,60.97475622940801,58.87705225349536,36523.60148480479,135.6412091995075
267,21121.764109175638,643.3172412951939,470.32110256061003,1094.2043568074325,58.695645331675195,57.54236737515289,36437.09112437494,136.94985047024053
268,21256.164775083693,617.262998556707,518.565007177443,1035.3742829412301,56.649147221778406,55.8339485377196,36342.468852350066,137.74165647104567
269,21430.34114137936,598.4161878931425,542.2720605360024,993.3244266877326,53.478568771290306,53.91335942848427,36209.1595550566,139.3207400395118
270,21464.308931297623,639.5067213381553,558.8737302706636,947.5235399107544,50.4527455116094,52.61306201245717,36166.704173819744,140.45144875407064
271,21557.589897863247,685.398114645017,575.2529166976495,927.1901420756835,46.403413399675266,51.336597743859016,36035.849974829216,141.6110502705955
272,21675.89667613767,712.9928215356379,548.8460334067494,948.0687168138516,45.45111294780723,49.62521839815911,35897.39372773032,142.5586379090475
273,21742.775749418342,722.3103308864569,600.2891177099066,910.1075668674368,43.96504662808702,47.433229235126376,35810.74165412537,143.43202473294517
274,21845.351471830483,761.9100617707754,627.3426707672347,889.441644374169,41.833372740028224,46.21642330984916,35664.90310196572,144.25131808067857
275,21860.335271753433,763.3246258305381,684.04918119564,903.6445656833822,40.326630368930964,44.5010799386939,35579.967148169315,145.31665217925624
276,21962.591324198416,790.8189546537956,698.6746571328894,894.8957373387107,37.92065502074351,42.90223229564396,35447.641780062964,146.2441889452616
277,22168.185042333855,656.6397118963771,688.2087509845721,910.9621811968653,37.416489191211134,41.4910327861396,35371.93664631773,146.8496749416787
278,22377.413512063147,549.3801118648074,642.9934996666105,955.6259416845743,36.97038908231538,39.948309790468336,35271.64922013892,147.70854535758164
279,22575.349475206436,454.75186895323526,631.861603485483,916.1891307550201,34.481589699306156,39.27055688544312,35221.3098538731,148.4754507904095
280,22662.073398882316,556.0456232197806,593.5780231400926,895.577866154625,33.347248405996034,37.83072256122489,35094.33335462412,149.10744921073697
281,22743.143094252246,655.871825660624,530.7805745895137,887.2065906056228,32.73724068098104,36.14715844160939,34986.35269910874,149.8681327244173
282,22799.910013568915,730.1614993257035,544.2337260849589,823.6807222259952,34.859735406081214,34.21603898073499,34904.73979176647,150.50640138181237
283,22946.807177521307,698.9644788778313,612.084449351064,825.320521323839,33.33920455331168,32.94716072114591,34721.79191113501,151.23080821988557
284,23009.80917490328,745.2011206296936,659.4386944257386,807.5906930437067,32.97132805181838,31.643385816120638,34584.24416025558,151.79703802119127
285,23057.288624721743,771.4533893928183,723.0947463208049,808.7594194882428,32.12732130377055,30.799211884824068,34446.8238503859,152.53835850354363
286,23066.618440354465,850.230345787335,746.8085567754335,806.775976149491,31.658843857461584,29.067593951012253,34338.8444548445,153.1116227283979
287,23072.37681203354,854.8759877764321,756.0967233136025,863.7138290450208,31.89090334557776,27.988381228153017,34262.71591675276,153.67924062886266
288,23054.63395044378,922.7011396266014,721.0870092601622,954.9743976083865,31.44409509507232,27.042030087520377,34157.50358739419,154.2074604992635
289,23034.94493888742,1028.9758997238603,747.1252943671415,954.648229267284,30.808961584867212,25.766185119703735,34046.97202842535,154.6282422785137
290,22978.49500596989,1047.1824003271186,813.0541848101971,948.2125802737692,30.687447378772994,25.119820470996935,34026.44532245481,154.97558277907322
291,22948.84981651401,1056.210059272007,831.5147723097978,969.7855257083966,31.762120569040963,24.21559747693849,34006.681415506595,155.41945297163898
292,23136.00613064746,773.5103218060478,891.6013697303824,1026.690670794202,31.78886747035611,23.413319679466767,33985.681028159546,155.74705204097438
293,23299.837031281622,632.9086880519372,903.6653458555513,994.3486865141687,32.95072541904101,22.63107518870202,33981.84525064534,156.25195737206118
294,23256.731224655272,827.871581331407,868.3782940265065,993.8769816174524,32.75790654012584,21.80085404776552,33866.70571862331,156.63271464253862
295,23208.66291837843,972.406817565701,843.7381429297945,987.1102971738756,31.529796853109573,21.491048957388855,33803.170551364165,156.95063010743445
296,23154.32442957945,1060.3814701928804,864.5033819875975,994.7237142247053,31.70095404296727,20.616098424208985,33741.86949103573,157.23875744643635
297,23171.322535048206,1105.5506894525881,879.4962440192435,955.7189886659493,30.19237757077974,20.178056715642878,33705.61339373773,157.5449609358777
298,23108.733876681647,1165.6370007351022,972.7712329862677,959.4305964266014,29.46989285417859,19.82221762983539,33612.29045432022,157.77141220094407
299,22959.390206695138,1238.681569578721,990.6809702672649,1032.0269190038478,28.939923187672147,19.29837991503537,33599.06309276725,158.1609848794036
300,22882.80171612536,1228.7386343902533,1079.4825321242743,1051.0710908888727,30.12948240817735,18.656879970543113,33577.234049270206,158.44566175006742
301,22700.60085085226,1259.0102327781378,1184.2466115580305,1067.3675654205204,29.45429796745174,17.959843194240875,33609.59807135565,158.6891660317373
302,22508.392347970144,1421.5155786752453,1207.2230892296961,1059.956017725245,29.632472342753854,17.78657850937486,33623.875734094014,158.90249287491983
303,22312.206373436376,1486.7579352903208,1307.5781930329438,1046.5907829665045,30.61467839171283,17.81048686793475,33666.91304819747,159.18414555304173
304,22135.67053630109,1478.3819863739977,1383.7365802756992,1154.7563310807445,31.543130946668946,17.10890494134037,33667.388264393616,159.41808585617866
305,21857.267057898225,1603.1044346884066,1324.1260314375816,1327.6721355999696,32.553349039712096,16.412119329046416,33707.6236897794,159.64354460069015
306,21577.613576873562,1616.5267867086975,1527.0222407635042,1261.4704135463655,33.367361309059255,16.018066836626197,33836.91866922218,159.85640842224433
307,21664.240596420823,1278.9900272612658,1590.1772309754688,1272.8522665816374,33.225493067930415,16.042671120431383,34013.222735689706,160.04250256497593
308,21368.998301182408,1499.8265216405296,1454.6655541356802,1380.667427143239,34.38076735562082,15.968841718458808,34114.4265589045,160.26874022026982
309,21090.211155460165,1670.8043999022561,1396.9006438227116,1494.1835241485487,34.213655092326135,16.138605918496665,34166.677041628915,160.51309527134578
310,20893.29650478976,1686.21898879715,1478.1000775953216,1484.0316240628204,37.51334895048526,15.672160737749433,34274.550069011915,160.6895317868384
311,20707.031029991653,1634.6057693181615,1514.2304484569913,1583.6921684833674,38.33792317738102,16.431414348057828,34375.278427232,160.87998979048245
312,20458.71832549312,1594.6953707115172,1673.2314501320766,1548.5486650432163,39.51388668590472,16.652204623843236,34538.448241457314,161.06686971012596
313,20201.64812315224,1689.4944604556272,1566.3828828758578,1695.5491717176694,42.38287727762257,16.708681098537134,34657.8462191431,161.24097234700378
314,20005.595869175155,1688.8141828469015,1626.647422314852,1747.0176787601135,42.84053694812469,16.991849892441323,34742.34024125349,161.4238345760838
315,19691.55392042458,1665.3812431196575,1745.7718401980776,1715.2813318359601,46.845266075649825,17.066708304194,34988.62438326236,161.59910013487004
316,19356.940513386227,1804.8785301256532,1582.4105911867325,1867.7314380936452,48.9618065636248,16.824826368651145,35192.998080768404,161.81942291006703
317,19115.079663584223,1894.172670740402,1588.9115708340307,1841.2456683145724,52.47199514558555,17.294559639115967,35361.829465913055,161.9989022783893
318,18820.20555328189,1889.8506214945132,1728.1294080032972,1795.701985142704,53.03448351386696,18.625616467829232,35565.63542071426,162.24750981492798
319,18531.60135491373,1865.1394682004252,1715.6713268337037,1860.4198993402815,56.76561788483532,18.667612282852996,35823.132589527035,162.4698975699746
320,18311.62879650324,1889.4459390901054,1609.3121903829258,1896.859504073684,55.27511985381598,19.81439171726749,36089.28846279182,162.6781330448962
321,18040.89272657404,1936.6045035922543,1694.593104007789,1860.7521920245815,58.27875036056872,19.54147953126701,36261.2515474486,162.84801908035502
322,17837.84522640477,1740.794186616077,1925.6005197030345,1804.2972565795417,61.27737840775255,19.74965501646186,36482.4725244306,163.11168113319746
323,17609.642270553606,1779.7290269968394,1802.9813425772725,1822.3870745263912,59.76761473730375,20.118498619428518,36777.63442937929,163.32800379749813
324,17386.58270272532,1685.136447202845,1846.2329931905824,1870.3422262086374,59.59716105971928,20.077330838332973,37004.496998710725,163.53434749173988
325,17164.35198760707,1795.9108169747233,1846.085293592642,1854.186661002384,59.36217446630879,20.468247997241065,37132.37570244802,163.69030189347055
326,16910.75941901202,1697.6423727325132,2051.0572980774023,1764.9457678791618,57.61991897600957,20.779523101840894,37370.13890329806,163.93722242151063
327,16612.72827406633,1719.5788528503085,2039.7027013552326,1808.1853811649241,54.921555998812984,20.638445552843777,37617.38564758308,164.176158825546
328,16395.626481789295,1672.2048975009723,2121.1273254473826,1783.882770479293,57.138730348747444,20.63436893173316,37822.65399610641,164.4343358110891
329,16158.017414820917,1633.5096420388086,2174.462901079523,1773.1397066546415,55.07603569305778,22.005043224842094,38057.20878147135,164.68272022727888
330,15925.974180291347,1587.9062793400442,1972.2785978352583,1894.7698755262616,54.999421477728404,21.565573891877325,38416.099430848255,164.90110435870523
331,15723.006922815752,1616.3097877329985,1944.1728113318682,1858.0181158385926,54.204149068534846,22.44650355718867,38655.52659022184,165.19060368697967
332,15481.056232488321,1663.8060332612763,1931.3431681686568,1779.4617668462326,52.724331218138744,23.592922006791746,38941.88185130774,165.43420556037384
333,15285.479950551915,1652.1771171822525,1923.3690642659476,1738.4296957902752,55.14065193647182,23.1401116172331,39196.36350458943,165.60389031487665
334,15169.407877421501,1596.4538040013913,1823.5604280845603,1858.094156903663,54.31776254541472,22.97845735831877,39349.34334513521,165.86836718799358
335,15003.783103755823,1566.9109569885331,1860.4346293616486,1850.0639128478986,52.89423406976066,23.22306045694891,39517.01085089491,166.02255848252196
336,14884.179132127465,1575.4122229222444,1818.1767504504517,1839.1690410666986,55.86199354486761,22.88026436177239,39678.73376963402,166.2368656770544
337,14746.9878666058,1501.7163548137087,1829.546359415208,1780.0050274564608,54.0404188086076,24.04599654197821,39938.10928553415,166.54234171887276
338,14686.381936642665,1476.2395367727913,1834.436968421974,1746.5077484950461,54.960761589027214,24.18387185108786,40051.82900247866,166.7519471842116
339,14549.25889937316,1381.6821285495384,1828.7568090187497,1777.6825968462776,53.96459913331684,24.107146418286586,40259.15790151877,166.98675753645054
340,14505.21416283755,1354.9583990383712,1686.7186233397088,1814.193174417126,54.075098673985615,24.301858584864355,40435.17236173158,167.23923340484671
341,14425.78034380632,1306.5818658154108,1622.9655355934794,1794.926914654071,54.30376355763103,23.46096773394947,40646.65247002772,167.47582382717223
342,14470.540594808353,1264.122418337305,1524.1298120817705,1839.698568410053,54.271359139223165,23.591892176991056,40698.333121808464,167.71325408953385
343,14473.01172484476,1282.6322943940463,1483.0096614938207,1668.1348800963708,54.773823222866454,23.46610895909899,40889.679752011296,167.92509497098712
344,14450.518132978845,1204.1136547076303,1572.8382477404505,1570.6565259345243,53.23875215962565,23.929806101839468,40999.4643396868,168.1402276231627
345,14408.970675052733,1227.0767632174552,1520.5913743595797,1555.909865232184,52.49807615082723,24.127722727909745,41085.61858379685,168.36553256538485
346,14422.971999448737,1158.4823549373964,1536.7569691181625,1508.4033554147684,50.00129012075327,24.58937448440736,41173.550494203875,168.64430584777867
347,14455.370879380098,1075.4786416656073,1570.5513572537625,1449.385226067113,49.3018736694204,25.398295267147738,41249.220498344686,168.9169084705087
348,14446.90654897625,1075.679059214427,1546.6036010455432,1392.2888332396988,47.097074057187726,25.01847675787048,41341.080303122304,169.19872593494046
349,14400.056560503148,1143.350522471648,1407.7428090092747,1339.6577000063994,45.82637546582705,25.004607024318506,41513.05385541349,169.42534304276577
350,14408.10065577346,1172.3186452164173,1341.6941653086387,1290.9634146662077,44.045816615064396,24.77371682275668,41592.832387168826,169.6396558896925
351,14507.70869522758,1102.740311212385,1357.4999611552525,1287.3365285567513,42.045800225769185,24.056668084345443,41553.2786301673,169.92728031120012
352,14582.084033757386,1095.3653743596697,1242.1630607349216,1276.7408195805785,44.03849632447537,23.20844206946535,41611.02071982996,170.20501668814538
353,14624.527642277337,1036.0375990096643,1234.8373836895078,1257.9535540768454,42.60652678046989,23.217203009795842,41655.487284800925,170.4109683562135
354,14686.124669309507,941.5818374647731,1298.3975777267997,1162.5366989215877,41.225295684291986,23.197079843432217,41721.6356789969,170.62728769426468
355,14715.8523238442,965.4225682950313,1152.8282097544593,1223.975016180644,37.93814044859896,23.45835515144423,41755.26117223817,170.82972793710627
356,14770.210028924053,943.7336603511566,1169.9342461790368,1129.470621723458,37.34703936071494,23.34025563615092,41800.67159356866,171.10240488422932
357,14874.305449787626,940.1534546329642,1150.561556162959,1061.372894338604,36.10940188391514,22.55543834490068,41789.65090285855,171.31441344973652
358,14979.502994411752,916.0589136756412,1141.7868723849967,1027.9002240598957,35.94671484531417,21.85815678963336,41751.65057080008,171.52254381560127
359,15048.201707314049,882.3775396438691,1125.9255494922136,1032.516175237104,36.09696172016883,22.286182572838364,41727.333336311625,171.69230390246176
360,15098.893799604264,863.6198716082883,1084.833130510448,1017.8261271353019,36.59089406035845,21.561551781572366,41751.28779056406,172.00476193341308
361,15222.938508159343,826.5600986315563,1026.1395643103097,1032.8536250493476,34.32354140518781,21.832704700720814,41709.88112584538,172.26528855138906
362,15322.691107881456,824.0965823404707,1007.562236512983,952.3410887399879,32.99974799177781,21.46952130940764,41713.31546816418,172.48734854263301
363,15404.853318088455,798.980177574759,1036.2977671491662,936.0183949122825,31.240683794710932,21.118460986381187,41645.96569828209,172.68390825426428
364,15528.326887733841,769.167075599033,983.0398677522394,946.3174252785936,30.392853759850432,20.91678359495576,41596.24205121104,172.9264773168806
365,15605.603217220802,766.2572816487241,956.3978086206153,935.4178787050776,28.156809582218937,21.31534546115926,41561.22370541768,173.13951534532177
366,15735.220491571803,732.2362522019096,982.268791707086,908.4347867347113,28.68635221001482,20.14535734073019,41467.30602118858,173.373930635397
367,15902.346742227928,750.625780724248,958.0824298815323,862.1679169558431,28.054350764583017,19.72039448400501,41353.27755384041,173.5617984828633
368,15962.415264550697,751.113750731877,945.3680821297941,844.512314753709,28.499092348121614,18.963084795644367,41323.37943701655,173.74417687987085
369,16063.675573116718,723.2842098000375,942.6878493973035,834.6910794146543,28.390055121013507,18.35589331882177,41263.101416700505,173.98884875334767
370,16230.725024308671,746.3326439306761,839.7116246152409,833.1557793201944,27.541846685354994,17.62328112480841,41179.05893923603,174.186681065747
371,16367.582240012165,754.0696549407992,823.5702492302603,794.3463959246701,26.806345885058636,17.192926046866248,41090.58906593837,174.34241257838534
372,16495.682216258076,785.22929237616,827.2318589314438,737.2754653283138,27.428673443178237,16.845555938903654,40984.48255303453,174.49297222847278
373,16589.792328069107,771.795931269484,798.0475786531815,721.0050560179722,26.620158823983328,16.392562077178326,40950.54474552596,174.6208459952078
374,16774.905622258193,716.7463475453133,846.0691368618084,686.9363269865169,25.80720324862167,16.476751536714673,40807.20646531134,174.80659834951072
375,16880.168704545402,684.448332498594,868.7240706479806,662.740183133716,24.595469451807002,16.93675647249699,40736.54234337395,174.9429398869981
376,16960.617591372138,741.6496103983991,810.1140601529632,683.0539087884218,24.63758186716995,16.449503871033173,40637.64507264757,175.0951578011843
377,17076.417333707213,735.3963382138544,817.2418404041712,666.1642381340242,24.766895329942415,16.28241733622307,40537.90410008236,175.23043299574772
378,17193.039910427542,709.6518804336531,782.8523607812,688.3397754780566,23.231068569508615,16.7164910688454,40460.3406038709,175.3643714599119
379,17318.965283656784,722.1029251696967,786.0703412552948,673.8151484539083,22.286437906169557,16.002170618443735,40334.90190721384,175.5362483015833
380,17450.054033354623,741.7354223251735,790.8532091137995,639.8748058977285,22.03805785627002,15.857895861892597,40213.77901718059,175.64216227882415
381,17546.050771128535,748.0028535163706,813.1326283375828,619.9933441395615,21.71655935115326,15.44883814274374,40109.85502171515,175.7844948633624
382,17647.748636541055,733.8762212005602,860.0299023862234,597.7273492489395,21.23153223787364,15.601433655224413,39998.00460005344,175.90940534044248
383,17756.963963735292,731.4646605134066,865.9432780156608,577.1316490493623,21.012802646031048,15.05946710214244,39906.6256479545,176.06735901468457
384,17802.26397948622,774.7848804635397,852.8066048447381,601.5567765212927,19.521249820315035,14.595489733283184,39808.6611516436,176.23823587744408
385,17948.193795601688,723.7376332024267,896.6706839813417,590.8473965077756,19.25734629785064,14.239395421107133,39681.23455008184,176.38760385203327
386,18068.920481299567,705.976462755465,900.2502443033383,573.2347923612491,18.664074566322434,13.803828307362137,39593.299194090134,176.56377003137743
387,18135.44242983783,720.4540482891973,869.6418043477408,590.7122667933778,18.462498845143323,13.27977638182474,39526.151410818966,176.71808699223877
388,18201.2571765413,752.1828339633706,862.6826096953857,573.1982321772962,17.584905405372588,13.022222473550084,39454.26235088542,176.82504898252165
389,18302.315171267313,762.4177014165865,827.3703889926551,574.6169221814479,17.89523477488572,12.305694696934669,39377.282515091494,176.96553518463878
390,18387.61247162529,789.8358580268391,813.4367019586275,557.7417549152505,18.311592815747645,12.115314842922958,39295.21202887547,177.05404908842658
391,18492.178107554275,790.8836781429584,848.1312245093296,551.2450111747496,18.434548054544795,11.796426018522341,39161.631715644675,177.1756829234165
392,18611.592507695943,810.3070794769865,880.4465945489633,533.3600152538069,18.029699178365256,11.643146486548824,39008.923131221636,177.32369860385893
393,18645.58210815003,840.079896044903,887.3603075986823,524.9529292851396,17.042913063108955,11.579321879740913,38947.74710632406,177.42653533933753
394,18758.047042404447,830.266639071041,931.928699203319,513.4604699680634,15.414800204784296,11.69617216363501,38813.5435231566,177.54478002033653
395,18877.70464529092,801.6491562456024,931.2633808823231,520.5279663280802,16.00276925336766,11.427432164000221,38715.81708390753,177.6419185610315
396,18938.51555252991,745.4585098548944,1018.6583809460913,518.8484255091658,15.927576034721179,11.033386584567818,38625.96247032882,177.7590652147205
397,18959.06349289841,772.5227090178188,998.6844573788778,557.4155728889651,15.437981201704206,10.61993770143844,38560.67635369426,177.88694369715842
398,19004.986284921277,781.7770405669462,971.8055935985799,562.7782082782412,15.911180048850667,10.114146745037724,38527.04236069454,178.03207295315687
399,19071.63712427343,810.3748201214901,977.2149885582994,555.0958153429823,15.193004391122876,9.702468629146571,38435.24294940448,178.11785027592055
400,19126.524787684797,852.6035483344667,953.3550840425715,548.9355030542965,15.17736051284782,9.594731325972143,38368.36667763461,178.1868622588172
401,19148.04260797445,857.0196602792632,995.6155311510925,541.4447695660751,15.142710210858452,9.396452687612436,38307.97339244367,178.27590061768564
402,19177.412631271716,818.1825769091832,1040.2353943036012,530.8394489088262,15.021420335766209,9.109627969243883,38283.936701648956,178.337589818474
403,19242.824841300855,814.2984170212582,1054.7391460882507,517.0818566643027,15.299529306451252,8.978125624857483,38221.587033217875,178.42044630362227
404,19299.35415769368,845.1534031616003,1030.8254036779956,512.7434848157202,14.507716469374573,8.978812965887727,38163.330533240754,178.48826404666275
405,19322.90449323634,844.1248305845899,1063.9045880302353,496.1815150714904,14.394550495502736,9.173323249754194,38124.286489232414,178.58116960907643
406,19413.347851411014,859.421283925117,994.0383371928772,542.9426137285718,14.508812603496551,9.208337515932426,38041.589693773945,178.65864600600418
407,19438.277027440017,881.0400790349665,995.222090283521,538.4637920644682,14.709264389394328,8.919946936785866,37998.48199691626,178.78157217525535
408,19504.06689457315,879.0273600031786,1060.3621761498812,545.7750453040292,14.469619827147708,8.67204762313996,37862.81130397816,178.8907625768681
409,19503.05734920271,854.8172726335384,1122.8315935811231,559.4851546321964,13.816784213797881,8.603622000261275,37812.673127842834,178.96672566832052
410,19477.007353873032,933.245087489799,1128.3054683257517,541.6701890010698,13.332235841591892,8.378443646846739,37773.47395970897,179.03520064707578
411,19493.105740036022,996.2054103863679,1110.3391034387957,532.6981945896093,13.396229823647914,8.379019744059981,37721.391961732894,179.1075397955213
412,19469.198229711776,958.7010190490857,1137.9464449651884,531.2532999636196,13.099119875904188,8.11064938204353,37757.326832787556,179.16451846518027
413,19459.395683989922,1014.0254868835543,1142.5231318886065,528.0541455767319,12.798538829052143,7.9864678559529745,37710.97063907115,179.23422001434358
414,19451.58418833599,1047.469922713417,1194.4954395076643,529.7936797384256,13.147900705796827,7.710114500470357,37631.659131409964,179.3139797956586
415,19445.03568340974,1003.6975070048256,1279.7753661766783,550.361339462017,12.473091224995974,7.342027537659861,37577.28404856948,179.38680887823338
416,19418.578730078865,1006.6128772861148,1363.666323822684,550.3958063723227,13.427323814123648,7.189325633587283,37516.17305682898,179.48952391721065
417,19389.56326094686,1053.9109516107678,1379.7994823191177,543.8998708992261,14.17984322482899,7.365466025502773,37487.445172418884,179.54170210263433
418,19312.953103944197,1119.3743141065252,1389.3309442794905,538.3701232241654,14.179559623792102,7.389053094402788,37494.67668391741,179.62676497142553
419,19286.425261619297,1119.2724371024062,1392.9150650321722,529.4232675389217,13.669739254582913,7.189315436243717,37527.50261347934,179.6860164308558
420,19227.87224150764,1119.4431905059823,1486.0599597882233,525.9307178846261,13.77343584858574,7.216661129536995,37496.22556606946,179.75636851487093
421,19122.583916559066,1168.519391060521,1476.1022819462858,538.7675626790488,13.582815295687556,6.997266166113555,37550.10036648426,179.80825357673137
422,19067.648874919207,1168.376326881363,1496.3264117028384,534.9677511430979,13.996916744426533,7.0927263964596445,37588.359374828586,179.8886308262335
423,18973.232804924348,1253.8702939134357,1390.8709406363196,584.2461294575207,14.926772374649136,7.011315165560667,37652.74664412662,179.9585764709529
424,18920.01861616715,1264.8296877053117,1388.900210374044,595.2719977082872,14.545099517443887,7.190789433281992,37686.2590631249,180.03242598098183
425,18870.62114105838,1146.3474969111214,1536.494338901258,619.8729718761316,14.358074190071399,6.903224393734947,37682.50918121593,180.1255398750582
426,18850.88624390165,1107.4662756831426,1620.6385924018664,594.4058214134322,14.460619330425825,6.78429299159026,37682.58516350792,180.19560187825212
427,18831.963231221147,1081.3462506081291,1685.733686922127,590.3479466801696,14.618298453768118,6.751181844554666,37666.591388902,180.24774285946987
428,18738.576854853458,1208.0640595998389,1601.0130030896862,619.4397468157679,14.66222827074311,6.530662872664562,37689.20204611258,180.32340060293794
429,18598.88255536957,1218.7278292162828,1647.1311442909664,623.9190957222935,14.850183266730145,6.266238846454986,37767.86621541114,180.38844856307034
430,18552.7688705395,1208.245041431125,1552.1925934954072,636.6432885402164,14.864036924375227,6.293581607904786,37906.756591307974,180.46051878448307
431,18521.000959740333,1223.150825936245,1496.4751490455853,664.4087802720641,14.514510799498087,6.2319593596668135,37952.10949823734,180.52337621794078
432,18449.920642453086,1162.6534789412708,1550.3920340222849,617.1423438243686,13.75394903479953,6.592299038410557,38077.586225634084,180.57471738827243
433,18375.015007815007,1205.3834710687106,1513.0414751630983,577.9920635109453,13.586546897130908,6.623666923460018,38186.517079470155,180.653180529673
434,18294.930151914825,1224.174923547599,1509.293061672992,568.0632592964,13.55450802965028,6.3328846284255835,38261.96057554137,180.7101924379374
435,18264.805502581905,1192.878896096633,1555.3905073379321,571.2614725490821,13.656574631068242,6.28826298728972,38274.12447408799,180.79348586669894
436,18196.862157165357,1277.0456762187468,1573.3494173666693,566.2005653787347,13.474799588733774,6.453268287827015,38245.17105119107,180.85384393597602
437,18115.198768011916,1274.501027160637,1625.2533039275747,567.248069637164,13.95004027676281,6.6733877779486175,38275.86237506654,180.92405352104583
438,18021.83057171458,1325.0458671988392,1552.7910536604418,564.100218865676,13.153648565375319,6.490284807828612,38395.399469445154,181.00845397453207
439,17970.435044250054,1259.8570736520796,1621.1477954497095,554.2413387912153,12.822883679173637,6.825523695559025,38453.61139937325,181.0684040013564
440,17881.724751778173,1209.7120480365966,1721.5506126144421,554.406840928019,12.849726984863851,6.774625125624404,38492.06401910175,181.14262811615717
441,17767.918303949402,1295.076297277175,1671.5809713960195,543.2358622735384,12.734259234346256,7.049269883339553,38581.64090685274,181.2082472967596
442,17698.659639024678,1272.131867421576,1750.4395759773224,509.16311037987623,12.606623228620455,6.822403566300652,38629.545895418814,181.26780226006596
443,17589.192400171967,1326.6301124058652,1711.2907895469914,529.286319007195,12.448940464732926,6.7476574796707425,38703.93004104853,181.32544294261967
444,17545.832469470508,1320.2795290550368,1679.3206571756332,548.2481349148995,12.794040328379236,6.7772328262431625,38766.41167279235,181.3828154626362
445,17477.26151163504,1297.51813709115,1741.107184508266,543.0929773390884,12.958547388514898,6.837857208459935,38801.01423432566,181.46584421043565
446,17372.303793877032,1285.2986002947223,1752.8559685373332,565.2597486944378,12.236981034793468,6.826516393043556,38885.153354299066,181.53759871251106
447,17364.573554954168,1269.017129858549,1697.092702513206,525.8924589731959,12.213288045575222,6.821993664036723,39004.47120715796,181.58802442919122
448,17333.451647691036,1276.193360076981,1683.933427688688,506.0508223680421,11.629043724306761,6.706719036360587,39062.259016741395,181.66026547949807
449,17295.513763225234,1238.625182334656,1736.6780993173968,512.7529583491191,11.331119561380918,6.454233427126744,39079.016369695804,181.72523607162748
450,17202.369378448224,1269.9945293560197,1790.222480650867,481.3215102157396,11.964819086263477,6.418594736691741,39118.25198968337,181.78804451313542
451,17121.855149413772,1280.1454310570707,1764.415993069365,503.120192307402,11.96397728745649,6.2336350864639,39192.9686276509,181.83867213791075
452,17056.485454042988,1263.0149348341115,1815.6900027957709,493.4873282643224,12.092618935459212,6.204129066511591,39233.88895351079,181.88330889891898
453,16967.780031156988,1299.1321202943445,1725.199602868679,484.50279446185016,11.460837569715814,6.2478458353267925,39386.700165651244,181.9402699397445
454,16882.0653123172,1265.7101701194667,1752.704672053981,463.49520568568306,11.187528747469967,5.925125483095448,39500.06363298572,182.02043166767984
455,16861.56520227453,1281.0444269780473,1736.2488264464482,423.7256787138753,11.113597625637391,5.848434620307901,39561.73350887824,182.0804440943785
456,16814.907018728045,1260.5272302386377,1741.0669585527546,401.10068185009663,10.861799366656536,5.828199706275768,39647.13751137929,182.13539305803542
457,16765.020532129143,1259.7755269330664,1753.6964419088622,390.171706902741,9.8768373922432,6.01599649860456,39697.00937950994,182.20525502868549
458,16698.863604658673,1224.2731857742847,1797.1573832131803,398.7819067225664,9.570761484887822,5.930957521328165,39747.17511655705,182.2444497186559
459,16698.958940852855,1175.9482512721765,1719.5673527861954,387.73820474790557,9.508998378254317,5.856878484240583,39884.29325558706,182.30704215164587
460,16692.237125550233,1190.7310297132387,1700.449512790019,376.1488965067797,9.417477643106599,5.933052061026767,39907.09145655269,182.34856993029058
461,16657.1610304286,1092.766281491349,1803.8924082600622,352.88679784807186,8.825610170484643,5.734238797250331,39960.87044193074,182.4018809790788
462,16623.20211242985,1122.321544055877,1747.538593100256,343.1915195323292,8.87485716624617,5.6828263921382405,40031.45988838901,182.4446927066619
463,16609.368343608516,1093.400485726644,1693.9509591484807,347.32476594362674,8.486841584695856,5.556652374029419,40124.28619188985,182.51567933333055
464,16582.353281102376,1037.5606855025937,1771.716191672747,329.6835004070193,8.002951571750314,5.466032514189937,40147.70385941513,182.5835876836305
465,16554.606528254546,1012.8752765371937,1798.5346721487406,322.00310907124475,7.491613016165528,5.554248161198497,40181.52925608011,182.64859348387608
466,16528.638039901572,1015.4393913234061,1793.6428196491674,310.00372803974386,7.456897547009725,5.517512980398484,40222.01096101376,182.706397943592
467,16507.679682870064,1046.4369121991012,1731.5903238939718,288.07466139090747,7.346559876262503,5.336747572870695,40296.36416698509,182.7570079972476
468,16470.59963579828,1056.250005867952,1744.9975327762495,280.3455708781285,7.363948723384188,5.150500816776572,40318.24718295526,182.8129919780635
469,16484.760262301486,999.4748916114766,1780.9383090123629,264.19755198279984,6.9803758492212244,5.145064475626998,40341.551519193505,182.88261187025563
470,16453.94244562517,1015.9463906557969,1711.6996566181435,262.7017543298839,6.582232990509301,4.99740142949191,40427.306050166204,182.92917919321656
471,16478.881751221077,1036.5219756734389,1649.060183129124,257.26638758426395,6.125136701949353,4.931512102445756,40450.49597133673,182.98257770155362
472,16479.152468150285,999.8989425953059,1607.513069831953,237.27561240723975,5.761889359664685,4.8472410398214585,40548.93714068307,183.05446168664696
473,16523.498449482668,1003.259468598211,1583.4297107265588,226.4609732850026,5.795642015822487,4.671052629687077,40536.38767960212,183.08968961595508
474,16557.13059639076,993.427652879253,1532.5666107915267,202.63959672852894,5.665527202903338,4.4762840301286895,40587.71488799431,183.13846301428347
475,16613.496665053917,957.6697071491081,1530.4664312479722,191.78300371466975,5.495625598619727,4.210272499175533,40580.60845649625,183.18979695014121
476,16614.39052211478,959.2131014702632,1479.5961710347897,172.98053172873364,5.152991634730402,4.146282702498218,40648.35230181932,183.24174061722454
477,16638.54626720105,877.4538400078594,1536.0739984413412,158.55689059079933,5.133341646307804,3.978488138265984,40664.209996097554,183.27902942652335
478,16682.21809857731,939.3422149024007,1454.1549960643183,149.63268468306427,4.795573036079118,3.9818451922066425,40649.94144314922,183.332548672646
479,16746.472377026264,925.4003671092785,1479.782503705565,136.59027254111376,4.584638369037389,3.8187325047302787,40587.52176719973,183.36781813406665
480,16762.330317902786,959.7587688359351,1499.363152434632,124.49454722355708,4.4009518305397775,3.6724060529498517,40530.27756271887,183.3958966129125
481,16761.437147079625,984.1088032467625,1488.4727444758068,110.6661380476213,4.218413916205272,3.584538771241222,40531.93183836599,183.42669417121016
482,16794.812375035763,953.6091510408232,1453.465819520638,99.99909928683668,3.937272492531127,3.460259939628638,40575.24986700016,183.45956192562207
483,16821.407753625233,901.5535534136973,1462.9380617957058,87.64103203193504,3.5696332450704924,3.3706126080912555,40604.15910728222,183.49752427303557
484,16828.772860613397,940.5633518533998,1412.0625765481257,74.68900163194817,3.2681231720066295,3.199279046299623,40622.1786932931,183.5432423529383
