,dSin,dEin,dCin,dIin,dHin,dUin,dRin,dDin
0,0.0,0.0,0.0,0.0,0.0,0.0,0.0,0.0
1,0.0,5.6817865623217045,0.0,0.0,0.07216700798522835,0.0,0.8675973146274446,0.0
2,0.007416730392010333,3.9969893004624013,1.7730404978670302,0.0,0.07445162420111696,0.00706735020795164,0.6079914452878536,0.0
3,0.015469193782206417,6.170596026963362,2.1860450674482608,0.74831767340968,0.05855764675040474,0.006349667033094722,0.6345880221407085,0.00039515293556225236
4,0.02260781627469215,8.418377805828294,3.9964980477373007,1.2620528811499692,0.050389106811210595,0.013403010350324764,0.760007550462491,0.0004959919922327053
5,0.026266703789373465,11.369077555369126,5.450903625686686,1.9173827610605712,0.06403553379330576,0.013741787597119222,1.056697329692506,0.0012370742253720029
6,0.0414904006930047,18.92474018915279,7.095975135571793,3.861518634605286,0.06427582624222426,0.010958467161841531,1.2427271952539376,0.0019508836577533117
7,0.05276193476856239,23.938825154574246,11.058141641421717,4.179571633921878,0.09261132177595639,0.016619797208576037,2.0012606021821697,0.0011708060350228795
8,0.07792418104637071,34.37400332667217,12.766965731642603,10.099198906241721,0.10602205258201944,0.017669840530737405,2.4384776275612468,0.002439936387103945
9,0.09211000736905202,42.862784736573126,18.92130212815707,10.69990920778763,0.16915815886182914,0.022308431819940498,3.2175745881393403,0.0035624056602248768
10,0.1554353122498365,54.08726119052921,27.100974505364903,9.57788198036011,0.20643524133736843,0.030772429587356504,5.457294747533546,0.004339989030813828
11,0.19045506828311815,84.37207748996268,33.70573491439683,17.80556056051921,0.27161005819189527,0.029253678653955006,7.086055054157552,0.0055448871114484625
12,0.2280100500055268,108.95577681296402,59.4857122912766,20.870817396612548,0.2677282596436579,0.047903156658325084,8.319220250930487,0.005108023014517676
13,0.3568383137527621,162.30599191163824,67.5824874085026,42.24526553657792,0.38845545466236886,0.048769630240345085,14.16075190742888,0.005507160342132216
14,0.4678881621191561,39.5834385344912,81.79592737719527,41.21809001327641,0.6092168761715148,0.06303393880022017,17.346863431505994,0.008604324481296007
15,0.7292232984393504,62.38246711159638,87.3450684961335,68.42481650266322,0.7258629753010658,0.06473075613313747,22.455956901801407,0.00925586235061234
16,1.000527190173944,69.79598525545939,70.60701131328733,63.661975497503626,1.5491837256118688,0.10356906466392572,26.177631121290997,0.008786096578100462
17,1.1144461189365356,72.87242861801698,68.9476827860145,109.81638621208079,1.6720604509048544,0.1703000062524824,34.595795177849716,0.012995156073643838
18,1.6945178968406795,81.90708398533823,82.99949894004541,44.742732413671426,1.7153335478328744,0.1553160993865389,43.41328456305885,0.020134084368000727
19,1.7676173986913144,75.0039397205731,73.50581275359377,97.02890006015672,2.3042571809422245,0.26674699837622595,45.38945602855045,0.01249684983897621
20,2.843018568855135,91.57913360880822,78.96507661963453,60.133626104255555,2.5879491636483807,0.24942788980270325,63.526814122834075,0.016938392061452784
21,3.1456753864036258,94.76893752132264,68.34757509988229,59.44157998049088,2.441063554862428,0.4580438816726667,56.11144347577835,0.03174171504815821
22,3.6824813545748993,89.8391290800064,84.70242729981072,83.02143085333135,3.2223618903146036,0.3421970156943266,55.09383227511781,0.05276064387068628
23,4.107199648314479,95.15799399463353,102.29754019321086,75.07300561787794,3.156022796390735,0.6256292013961371,71.67455070757143,0.03840395182774179
24,4.575950846731149,107.52583616318782,83.5085265434868,65.68309900685591,2.7730181599188843,0.4542421633196694,63.803104093149145,0.044106661138377246
25,6.3867196899919065,88.98165663912027,96.5935617513594,85.54721764165981,3.130179928002762,0.49801062937643287,61.46954308674276,0.04701285053360105
26,7.311900056446942,108.92557524870996,91.48225882127588,81.47332532012834,2.9639263068215786,0.6652761426815269,77.21278390651747,0.052930242293930944
27,8.837545333802947,120.2473741748796,87.0867795393457,80.86635675577855,2.9481592812186226,0.6439817464432938,74.47158684615637,0.05944349881895545
28,8.20018757509871,98.27873069412354,118.20051939894768,59.51111831745306,3.436996939431905,0.5687786402411891,68.141036544357,0.10636003355439744
29,7.175622048669184,109.04898895914705,91.09624729487923,91.41165206870728,4.5147286012425445,0.6833719177283715,82.58923940580213,0.11785222348386228
30,8.407989006247137,127.8370973179114,128.93908882267263,81.65312701127047,3.7433255914761863,0.9664349324581041,71.1552231337255,0.09117563784890988
31,9.37957008896933,105.27450012249874,112.22941462057285,122.33485843930778,3.407736135109529,0.9083239197480723,72.49651602069768,0.11943950741429368
32,10.249396763088699,103.96586254570153,110.85440782092752,114.75500972368557,3.592437579545066,0.6516985128469933,88.27559964570426,0.1355811970100403
33,9.555539868278016,94.59028000078108,113.10775225885563,79.21494645488487,3.572089482260703,0.660140991858051,86.88628578861676,0.12812744016932676
34,11.76056839219366,141.19532684475016,84.928918697191,84.36392424284779,4.673347425683967,0.9179848343023651,95.373341289014,0.11138034928931848
35,11.361473549773567,133.26613918938068,127.59969829465287,144.95616831985438,4.514062245442788,1.0327968509051877,106.65236980934914,0.16958582076360265
36,15.53238145367437,136.4056710218888,118.45769085724683,119.07671394127563,4.375015084958594,1.158121692209786,88.1120760267588,0.15198084073370574
37,14.055586480497787,107.51722742416598,115.98626932861086,68.24562515945108,4.40688747376673,1.0160095894854493,98.89412587354936,0.20670318718903574
38,14.68346098589167,146.08167500312666,118.58663953284174,97.44692624189376,4.449395596123127,1.03123134747522,88.75395638517439,0.1498561056225499
39,17.148511612470887,128.84103193428317,131.372149397474,120.34933190953682,4.023197558516189,1.1964209156204049,105.72176773872647,0.2336355367706604
40,15.269315669920863,144.739883837256,119.76337900078265,141.5608896406183,4.751569017388396,0.8936194783290584,97.05022258809181,0.21795809674453792
41,19.99039730956525,128.94335002942532,135.59861444144445,117.17295448186529,5.050080682232238,1.2399386202192244,108.19957526654684,0.18822630862699027
42,23.35798920655486,144.28754788038006,120.09908046497485,81.56432967297208,4.8573373168616945,0.9431945067572771,127.78436605920402,0.2569415738072455
43,17.17715614432705,156.35220332490923,151.0293916863696,144.24984789296704,5.992029413825104,1.3126754214622234,104.9513024814992,0.17890495875903628
44,23.790779357886144,146.06918934685095,144.5105232040609,146.2035162008602,6.319456141476507,1.2401313808062115,101.03569313242255,0.17825053362337726
45,24.18809177225945,102.05192046618144,160.700434229841,87.38757383852777,5.817516930588748,1.2654964730987885,118.13983816348242,0.19489080518133317
46,25.521587593596205,172.0398834621447,121.23391687808773,202.21577024206553,5.095127303735366,1.5140414010327108,131.44433263132703,0.3427269980270624
47,25.358402540650534,129.86105868005703,141.5090309267244,132.4825184851991,6.921780926055457,0.923894597806667,140.68463678022363,0.26645886148208975
48,26.630047730997365,112.42320169705376,126.29788440557226,130.83266018310712,7.193269836787457,1.7795683347994244,113.16760315381215,0.2460030711257442
49,21.802094970757317,139.1053505319339,136.5516739514728,118.07944994394067,8.228943929084208,0.8639642910487373,133.03976233100337,0.27160342707004087
50,29.23397105813092,128.8618427632043,118.12037819265943,71.17317632925527,6.796305368947223,2.3588885881957706,157.40184963506923,0.29187034685398083
51,28.366432794596477,153.14470669636268,148.97027064940227,120.12727063433623,5.140790047224415,1.636629846730714,136.33961312477385,0.32695046492696545
52,29.94309023975519,118.42542129373173,121.27815548724256,105.47397627368802,4.428968168828141,1.6242215169288365,117.11215252099375,0.28869914733284935
53,31.236738724660878,133.6766050445682,159.47642994678836,91.25264292822052,4.849318495971658,1.6743542363018153,118.42860189574766,0.3958828597402192
54,35.319031877922754,143.76601451787846,124.5690048171913,114.55599818453881,5.70739704058103,1.9865120498726632,145.9763971861841,0.4011862050768568
55,37.352633591403006,167.476847106573,159.23479201143402,145.13256403670428,4.820730620784472,1.438899051264451,132.9152278418096,0.3714829821204899
56,34.53948664829833,128.15159186750637,151.98145360906634,129.00508944807382,5.128382395424061,1.3543888877726211,113.52114673288838,0.4712698938032303
57,34.12467656280627,157.90595205159883,129.95252724941227,152.22500804734912,4.359253286602266,1.5599321635635806,150.35036814987043,0.29531416757973633
58,44.18965427604301,147.82561313753615,150.32732595607604,130.09268543725173,6.522613200470143,1.1423040432736509,130.45131752717825,0.3413908908349011
59,35.34540223953986,137.2860064191793,157.13148672187916,146.9334589853295,7.022807979953384,1.4012467520014977,130.83076913422542,0.3120485750026551
60,34.643077412688804,148.62363952901643,130.1486825225365,142.38868513766405,5.196846193967906,1.8978169285142563,131.41059050271159,0.4608185489433774
61,41.86448127621195,158.30882012205487,130.23163388557037,157.9088205315257,6.70159496782549,2.163008125669914,131.9426284643649,0.5208665895622743
62,43.795914632817706,142.71832054571664,127.80691271139338,98.5621128283372,7.010698327174899,1.580219757901118,161.31139994625647,0.5199420759677646
63,47.68762728263821,158.44687313738726,177.30065441240743,113.38784929163748,5.5660036031584665,1.26894676539621,151.37241563803641,0.37796552886981255
64,46.94626696766393,120.84664295807265,124.25316526732153,191.6074879815908,5.984117762541891,1.3801777552426175,135.22021869795051,0.45167339485474317
65,41.40216820361797,113.92955149857167,154.18490373246644,123.59151748436891,5.85314191924038,1.1260116227903314,131.5458216279618,0.41964019809282216
66,36.95221970418187,141.79601333532992,147.58725146233044,157.39198783582984,7.151097783099547,1.4740457310372828,138.46837911804775,0.3170753887462786
67,44.68835757013907,124.10207085673768,115.3752827262696,83.6717235811413,6.061366238447003,1.8929642895132268,123.83630907506075,0.3088881555591096
68,50.49779567174627,164.38961205334004,118.28094233474934,141.32062533608348,6.281121397919246,1.983865597443934,125.0100611601641,0.45763328846953655
69,47.59390235826906,133.16107636817773,143.203994032401,85.19333576987135,6.724531963781748,1.335047823776318,124.64391853956137,0.5170426582906769
70,42.71913107503232,166.8825239735948,163.71532346209824,96.95021793661552,6.804392701482603,1.4983168892244336,135.3990072558935,0.3913599432607023
71,51.83982610447751,199.01544350912226,130.1180005347314,136.1469415209312,5.492367500392254,2.034350908367026,136.77334145446144,0.541552075870026
72,46.35345270337272,166.98480396018792,162.65039335087536,193.46210436790642,6.651608348445103,1.6325470425154172,132.32939015453786,0.5362193893874527
73,47.622793581272944,172.0282084010193,144.6990559522961,101.4321923859714,6.356522005610032,1.375280288791588,161.22894210361054,0.4940298448418666
74,48.68207486175515,158.3401310502779,152.83443644700958,153.69409490647757,7.1170102571966165,1.8331604129988934,152.29583073185,0.45353890419692844
75,67.21297445697805,182.12348069378896,177.65313721798412,137.8781262466432,6.524724607374827,2.5796789431517735,160.07422087289893,0.37289338829850593
76,49.3238649258699,183.6593393292515,182.04678040484308,117.32298251944164,5.00324688129418,2.5179510803518057,130.01498057587204,0.4717874841484496
77,52.625363932429245,223.7515629150743,161.63300021328905,238.26315267497864,6.277056378599624,1.5259940325435728,138.9543382834023,0.5111291723584122
78,60.27124312427777,172.88523416975718,164.78810380844845,125.85155581739201,7.271617571430527,2.2172171174344664,164.95022332633351,0.3504156958816525
79,58.3982485556792,223.93388589678722,215.12472657143107,149.02086096024644,6.536872540359377,2.205448919631559,158.8599553769629,0.45711308009310625
80,57.833212340638156,221.36362721621168,180.9404233185227,137.96553647205863,6.859166057617362,2.3412204271066472,176.16172899334228,0.41709103475231885
81,61.266832981145406,218.2662377120987,218.1045330179719,189.83467960282096,6.589926067357573,2.0548126944189495,132.30210937609246,0.5402179516053629
82,57.24543382145052,234.07897955881074,180.9957391135731,196.4532486534475,6.814214373225248,1.606223043138847,170.78055720231836,0.4404356507924914
83,60.07361525245543,194.3076738003196,211.95534137798055,216.63290155423823,8.500065686520932,1.7114406936757542,177.42162402371196,0.6360620183602026
84,65.82233782042044,233.6476421562809,250.37064053391416,197.12572452192285,8.85580804926824,2.191216427996803,166.96846455721462,0.6721064270297668
85,74.45884977434616,223.58438932745676,263.3878194143488,219.00667981547858,7.2756311293765465,1.9395747209462972,184.91481363391475,0.4280251111221308
86,57.43644099484426,226.103159404706,231.78480724003342,227.0413009950822,9.472806222615414,2.250100223389984,185.8923113999196,0.37341327925850826
87,72.83730538163061,237.95179623991243,227.46041609123074,171.13563942489034,9.098485651400845,1.3525826727961558,222.27219387622713,0.41299032032756205
88,67.56914909325485,252.5569483817148,237.7370439890485,189.54334993087613,9.239945316730822,2.448636299847223,175.30419296705395,0.6395657990585223
89,66.29063961884968,225.8468092338994,221.040738941374,201.56569899689833,11.31454615252918,2.0587962307448957,206.9666490540252,0.5475542593105543
90,57.27767445412369,267.44979169409703,217.84635501180395,270.3945574781282,7.501569246262852,1.8904387082453666,232.90318940677412,0.4796358060744194
91,65.53398903156345,272.2394052340774,231.61374457126354,196.65221971350263,9.250679335367126,2.544772973233537,232.68438463167658,0.6201717679870706
92,71.1163226269731,272.5082986191651,209.31372829263844,164.03472353151653,10.446487544194387,2.7180095969626246,187.03218509223035,0.6111166125297969
93,84.4547809936146,225.09094134099476,258.5640466558246,249.18132207051886,9.623085681453167,1.6589869346013997,180.71480487446655,0.4228723071700334
94,73.61618330570337,176.2019035558558,214.0780147493615,216.12015643450667,12.660314563762915,2.8857581288885936,201.6543626762727,0.5439696386200572
95,89.18273778393171,230.44360754878497,217.91228818736573,227.09012945823946,10.559523243257868,3.4923426730195013,234.31432983566043,0.5885290555794723
96,66.37715630898772,204.88076912608224,290.7298908961037,167.40147734089956,7.560244373965991,2.3997958248363087,213.84680782847641,0.6495380461770188
97,88.97160191459984,264.7018674645667,204.79467378680124,178.1101235714401,10.538420782205291,3.4656405229778486,236.03895819342455,0.6231845831327465
98,108.8459952439189,353.8064141689223,240.2480414989065,204.520875033109,10.067165116746539,2.229118120650966,185.532531444253,0.5663485912340502
99,83.77039474135502,323.2077378136356,323.15781324208035,222.7783199573469,10.265704289490678,4.108834149206265,203.47707078282653,0.7736318557976569
100,91.50499006662992,261.49668054331784,288.8694970837123,353.28938638732586,10.986693600974899,2.88714798362592,205.75312976185273,0.6748814764013377
101,75.23950461059472,334.93656489012113,242.9159249233197,224.30055923918025,7.777825482278982,1.7587282891729907,303.6777211293668,0.7166830397777846
102,89.84624416855293,286.38301227827776,253.40384874191633,186.57876404568387,13.473994542257339,2.8033282166727465,235.31453371865894,0.7207048493182161
103,117.1651058477628,276.71167178952265,341.58512882777785,220.23998809699955,14.086037166177046,2.1893677146008947,277.52461960388734,0.5289708451298089
104,96.60258603212033,304.45264105044873,304.50808423428407,284.560556744006,11.892100668860104,3.3781718554958053,225.16360536313329,0.8416282579003984
105,87.54187643036717,298.8117594129378,334.15747004152666,324.8585103400259,9.989713019378977,2.4672159391747046,257.9374793030811,0.8475341236595596
106,85.33828427819397,251.4847695601398,304.34869758080083,230.17495221051885,7.9791045182548865,3.1173628868457826,247.70591787100537,0.8200244158447882
107,90.3026736655026,343.1004703885234,215.5917109205924,303.7888723682087,13.40264095347722,1.828241461877616,233.34242514993608,0.6824865459165597
108,112.42186787264777,317.63212298291194,324.0645042414422,221.0433414963992,13.24835544754862,2.618373648050848,292.81342228550517,0.9382774907470539
109,116.23792538958057,341.92993714815236,273.46079265203343,396.7633813907896,11.215744334509434,2.8687439747259815,279.77460123080596,0.7715387433497586
110,110.09358533992521,236.2187394166173,298.0057706367053,208.04332230654867,12.492941741346042,3.4850622476230773,260.97865632036786,0.7916591948182152
111,96.27125554144162,293.13975369572773,281.48876164799077,239.30341835383516,17.058391632145625,3.3684489456275153,297.8075391443939,0.9421736327378151
112,112.5397807564118,265.4950771349615,310.4871627712672,222.6522599034763,11.563382087554325,3.7218012518932992,330.6553943377798,0.7402059905786258
113,119.26185226348248,299.792401708993,320.0006323325488,407.00528626231755,10.913218278727134,3.8244605699168894,279.39046813483156,0.9199723538750509
114,90.35720365370014,300.04465822485093,324.82366379912645,249.60295019366845,10.568293503454573,4.703670092578519,245.67841034550196,0.7148078795634746
115,102.88937038788357,346.9483143833539,260.35405902172556,322.1387605142393,11.938054452143271,2.761133173681208,311.66030252041827,0.7164010854868569
116,100.57871039543913,281.98938078798744,336.881116873484,212.45888513046742,15.08281382297752,3.3448524001015074,321.95123313624657,0.8674899147881131
117,107.51235729582007,241.61516857622425,243.93430450353048,298.302807641594,11.780311221000984,3.1430769616975387,268.8402904908922,1.132916663312097
118,125.3152814852256,286.5534544919215,279.7481695721677,229.03125108703424,10.655061727108437,2.562279577733849,294.6489013150994,0.9475673085078601
119,138.42155598812963,286.5951779025315,271.69619849460264,253.85477124034654,12.467879338600524,3.497826981016362,291.7387425973643,0.8971376198275347
120,109.25276511278557,686.4158398785515,298.40378436700627,268.95942942569945,13.900115569752739,3.800762217690769,279.6358278394859,1.1294719548205618
121,94.29769211133365,1039.9380656531355,385.54385003922437,276.7198507629743,10.793183152461395,4.862603061051536,264.74194229587005,0.6693735310671207
122,115.89371297500531,1081.133456426734,502.7408393889745,278.71791205798513,13.118896559540293,3.815687106777284,277.7207131269678,0.7711616358717849
123,153.59976934554396,1181.0003826335492,660.1225561719061,379.2422323669619,16.11855312920614,4.145500022214675,305.9298689494971,0.835731925686487
124,132.35248732002438,1088.1189490546162,865.7679955694695,699.7728437189883,13.342603346612856,3.1531941226151696,378.3233900729344,1.2037191167771286
125,115.72682264716234,1435.2127162696818,1016.5662786045583,568.741346486947,17.097947370726093,2.810470632913312,383.59921549581236,0.9347318456557323
126,163.62720289314916,1317.782471889575,1143.577119552083,951.4111263305599,19.086415497360864,4.124040934241075,398.5612583378279,0.8175834082503078
127,111.2850634498652,1522.4380010815748,1420.9850122177381,555.7841956752239,27.002356196546373,2.692140838149475,456.95700826513826,1.0479762986168843
128,143.80276591358992,2031.5955532619896,1181.0852265382093,1685.072833772093,28.72265848675504,5.984584210747432,569.7708224889399,0.7292747689645669
129,173.75406143520357,1588.760959009996,1386.2895996905972,901.764504154014,27.608966957476067,3.8149518869720467,638.7224585505302,1.0680994525170033
130,136.89307676523862,1864.1751115188172,1721.1949981437192,1041.0626795759679,27.68893556386868,4.886345093862835,806.508035636185,1.119209118416527
131,145.01056300965251,1786.720698420163,1608.3351245300798,1100.7995616296305,39.72879503726808,4.1008459143876435,698.171830696825,0.8499730986315458
132,149.76976669236802,1742.7135632682173,1475.0324696316645,1965.9643922982054,33.69212768602029,5.379651195843956,937.4036351694268,1.195390337205075
133,134.66956546310234,1631.880219653262,1553.9735590908342,1357.354610311598,46.05116665312573,7.1880488115894545,1059.9657624373078,0.7332746739158946
134,182.85326768226628,1503.9489140992914,1698.2427821552785,1558.8700386395167,37.61086441274961,11.864607219827699,1229.1520001830786,1.1519916756620545
135,177.6403232698028,1209.7998816380875,2027.5442770664156,1171.8580059872393,65.16307753126597,6.088874235829313,1231.0739818051472,1.0299421659424641
136,231.2975944307031,1700.7308459024991,1326.8322757492417,1558.5030964356054,51.891713887363586,11.65079232091334,1207.065755158981,1.1764240245558664
137,263.4670475629767,1237.4187482150328,1807.0054272507366,1319.033773693602,75.13133336039883,11.521028952161739,1421.4844119831087,1.4027736249382894
138,189.7070894655841,1448.7247824160681,1365.810676741857,1164.7276648485024,51.94982395328042,10.770199714687747,1530.706406181321,1.4190733203372075
139,245.9694334645751,1246.5515132791138,1329.9484593712882,1068.0013090078103,64.36069279120765,13.781282182642695,1425.5449944872912,1.0655408966375954
140,249.2476570220224,1350.1806262270366,1253.8446775694968,2221.9353659080243,50.46410099347648,10.961034882797545,1322.7169709566415,1.5321048370589847
141,314.9561011670122,990.213598258294,1188.346548443994,764.6313831612731,69.19779250945356,8.303897824744954,1252.6884525551698,1.3604238334428302
142,304.7459463363402,1297.8801402926224,1571.136305775281,1334.0235969359596,52.505700727438565,9.662064657296625,1196.479779948066,1.150289638937721
143,243.4952553546166,1063.9986730428056,1075.175598735914,1630.4723572071166,65.82053240980042,8.588757421678793,1401.0833530314117,1.7947281875576306
144,297.3534401555875,969.7262671706178,1431.284769554368,1029.4396322744171,44.03329591777455,20.127494463313507,1382.8156828184744,1.9016415018435597
145,240.87242517611543,940.7407297696489,1330.67849136233,1074.1756545692192,62.1886700994756,11.529916300441975,1301.5425558303236,1.519444781871734
146,331.5178569153808,1302.4734593040876,947.461581854018,1063.085806717681,60.99739549153816,19.01341848513283,1201.9937804417252,2.0834092301935234
147,331.94136786796724,521.9726335150543,1019.858464397643,869.328315302883,45.45926507394282,16.49255740879283,1262.756363293092,2.0876092871145886
148,352.36235923691675,772.1715513032801,932.470698408476,916.9765230770245,54.22360731502493,12.315567747463426,1162.9292189049124,2.5696596521780632
149,359.85389940355583,525.4161079195443,1048.9040721655472,760.8716281454429,48.60979583364137,17.696119697248097,1316.404457710183,1.9507377387636549
150,308.709603938209,686.7788056736573,659.160223925925,1228.1287385760086,41.65625268203494,12.130490958742241,1126.6577522065718,2.173169210059093
151,312.36910519077634,503.21416455594573,790.9568912484201,694.4262677444555,53.06785166107585,12.860816141766332,1132.6348948059112,2.343567173765744
152,406.14885716796806,433.61739321582854,762.8846551988272,757.6591564428372,55.88767440123409,11.833030597833602,1254.2499310424537,2.449845157489738
153,317.22493834244284,488.9751813713378,499.3152242771574,702.2462014276957,61.98135332578678,14.423156528703341,1283.947609576523,2.173111827533202
154,311.9319912507076,462.5249665126784,635.1195901241475,505.66038121389096,39.372358337921234,10.368763948835864,956.6862771951842,3.311553555643267
155,420.2058769515793,475.21533389380556,559.2193612110258,539.9636467561218,39.92843736164463,17.544709065719708,906.7432349519972,2.447133394269911
156,378.4332446326598,463.04472863519584,425.66256632277145,695.3615166760289,46.75490634984987,16.940175087832475,871.640896300728,3.330341155620967
157,454.05190911661987,379.4122149882684,581.4734278446416,455.66302474413317,48.82474412123073,13.577241598436936,796.9810750079653,3.177100458608359
158,392.1425239290587,359.76145987695645,409.96102883198773,463.9036760808017,39.45205670280957,7.927836611032447,818.3883482345796,3.022697215049143
159,353.7081504576583,427.7534872113108,456.39267888731604,428.22681950183903,40.27071672631906,14.354049444969128,857.46962208437,2.525234392639935
160,429.9866962246797,269.08669070611523,433.152949519494,497.5731253240466,26.30355854409526,10.30880256185076,791.4830824122313,3.032773204132578
161,437.42908043599084,348.10132987197863,308.2138387363949,289.3200346166865,38.300525706941045,11.80429627318779,671.3098270968874,2.822849240054037
162,417.798518619953,195.3993536110742,383.52930608738507,316.34968417575976,35.05704679462529,11.304691356862353,800.5387833648794,3.4146275300627145
163,448.06228115611964,211.2176242490075,317.68706146510203,361.01688710422644,24.916812561281592,7.702558966506295,603.3827195339368,2.7718674064523245
164,388.2885850805212,301.2348577341257,272.6209450280934,281.98667732522813,20.230132472317045,11.757376259436064,625.2473909138359,2.2621880263632
165,394.7291638431327,329.2265271399517,322.6052609272806,225.72348423574738,24.88656942225768,9.836115829494002,506.4084816403211,2.723149886440459
166,453.96860877080553,257.4608207472908,264.13441255889927,210.19172422206947,26.370194547703306,8.633781335379128,453.9475092679876,3.3569074051834464
167,409.9832000032387,253.86488372783646,255.31688092204666,201.4424221632095,19.730793765512022,9.177352440899675,503.8633785522952,3.163344702034169
168,462.0398139625723,266.7243568023688,285.5838342454279,387.1623682593314,16.048199915339804,10.23031069916134,492.3737014404696,2.392369336187074
169,424.0711283843,204.61911142813292,268.61517146857625,218.49794966747754,19.93336971094601,11.541049495013302,479.2232278290905,2.3032396714294716
170,484.3130870477298,215.74509806047644,288.32234402870563,206.86784463432437,15.268523329595114,6.668724863933852,489.4927081683617,3.5876599026722538
171,440.4010901117807,227.59023890451664,230.0948039201547,176.79084129678813,19.07205242506528,5.814951225658831,437.78995190566155,2.413583086787831
172,513.5869780069697,190.15008004951747,220.63997771407807,291.4322498932871,11.568079530106676,12.84369963580913,317.12921330632037,3.2420033456857555
173,496.5547886510015,223.70090218182082,267.1676897246374,167.09572745707416,12.458860125191134,8.409239228634975,337.8435815787141,1.8042927820459114
174,468.0999193952651,212.89039560152878,195.70735461189804,167.79980450139382,14.435457987282296,6.687580113173791,337.5408701026601,2.453519383861716
175,357.8901759944925,231.07953877205267,219.56847969603308,190.90377913796215,16.37479613156325,6.0082431022414555,324.7379294292845,2.293915555516479
176,446.4076727205297,170.61286552446617,263.8793441614515,179.33342529147845,11.840732875903017,4.0740227845531045,310.4557612678451,2.7292034014003
177,411.4643514711182,271.0817468230968,201.93705831071378,251.5581587427764,11.639233835161287,5.374832681647782,343.6425938569938,2.260035524738365
178,351.6758668320473,228.2326388450868,198.38944895664173,281.96965015333046,9.699132636094692,5.889580075747054,281.940333948603,2.44480115031646
179,456.45976387227995,221.83621734665613,264.4306421632499,149.4718146630009,13.53723738020755,4.708873742201137,297.208424276537,2.987413029763665
180,382.5790343472223,220.5161577350159,237.9158622668092,180.55463907809613,9.973181451796044,7.063462374504057,313.084653766501,2.8066548101176054
181,414.2595196763634,175.45289608492914,197.6966517904591,204.95819048168875,10.386403112168287,3.658023333305731,293.78103864076866,1.5447688730691986
182,409.2726066885653,203.5422122159535,189.1255563179004,197.1321003900322,12.919986541907555,4.36391274201824,244.84115416208556,2.4628344744521042
183,442.5790162536193,184.50553013272219,179.19120273788215,119.18653416354273,10.49596394788582,4.432654327911924,269.77014473397577,2.016752726338155
184,369.53497339271337,221.42848908020036,189.54088145942296,133.35537427568283,7.803059223840151,3.501178254169571,225.4734535102051,1.9313342158210856
185,487.12067060467507,196.11880747750922,188.070682466967,188.28920024228046,8.459480316052197,3.6488880048722114,266.80381136303026,2.136653284237142
186,368.0527175247305,176.2012472086302,203.51542766344994,210.9217028061233,10.355550459840558,2.510634206196489,250.75037210473104,2.0011259628023925
187,441.54427971098437,219.37685178617744,216.51918248942698,224.37658164955363,10.114535821167,3.3459234822206394,252.99339998103582,2.191420985727954
188,482.5423806322087,154.3513687190416,209.14098099608083,158.00671920975304,8.099637645030743,3.830720604684909,204.53009528066949,2.4540445943693356
189,414.9753886024711,162.2645062832499,236.53883718819384,158.57763753041556,9.625989849198154,2.3609822605761464,233.24061323499015,1.857444755844015
190,358.7934240875663,206.19504902607474,192.84489796880644,151.06699015356185,7.5285918453816585,2.565337231740582,231.82873369417047,1.4673191080195478
191,394.522035957661,253.9829943332054,153.22103646627232,138.59443622649025,7.253505295025931,3.380734474680434,255.05826758973473,1.5359693527403102
192,459.5653117177831,218.34044601842393,203.74926010896408,127.46386101741152,5.608084168402999,3.238943740820026,202.24140865396342,1.5017560346876262
193,333.2694921409037,216.0945602481577,196.5647413164155,200.87376489196558,7.478624781490257,2.204568321377395,185.4727982337362,1.7589518159913535
194,391.211780227253,171.15791417758288,241.267722406612,157.94061571057534,7.045620446927908,2.7870896789588455,212.1650826970421,1.1809268631708734
195,368.5956514290523,216.72396018732593,178.80708703371198,199.7754481251242,7.5550445728667555,2.237466511803898,205.31137384062885,1.094104566818514
196,404.16566655124745,180.78501837033704,215.82728992870452,173.61897166325218,7.2056463468851355,1.8986323918027508,207.33742634117814,1.3082301688431692
197,368.13779973830117,243.86028832818798,171.24899382874972,208.12246278202724,6.397670408136448,2.6598403398151937,230.4521896778944,1.1765013528758983
198,344.1783978710307,232.8874399725712,196.49880743617544,100.47581494956916,8.167541357336026,1.6120386984254766,234.1844946644663,1.4138989540307674
199,388.53092906138573,211.4325881354095,234.8935647466022,115.87981920658108,6.797211244712244,3.010948444889668,237.03523538512474,1.3193500141252743
200,399.2607457309604,254.07750273879,259.01902766243006,175.2637049532331,8.23843392866567,2.591828400224253,182.02191750772198,1.399363255088336
201,328.8471661818441,232.6363201956332,248.9303346038521,198.09188222390864,6.143460091753875,2.409885462879195,212.7334503527586,0.9750516430563632
202,346.2004114682642,207.66838369248686,213.47491023370117,177.14423670656328,5.718020962096324,1.543935334726117,236.49752522560885,0.9519327884916297
203,308.96167191446546,181.09324188415565,209.63513098155897,165.61629423827486,5.413553013374184,1.850833483988935,180.95040221081058,1.123423145464371
204,326.34862966259,277.5159422110459,180.0551651729857,143.65026678601143,7.722690531498371,2.1390073651611594,201.9311268860685,1.0432878563744217
205,344.9870552181821,233.13344867581804,247.15948242610102,217.7936531726854,5.054478367100836,1.2834584189088925,204.19907372420596,1.078256534820814
206,382.2205337108903,210.41358539349602,268.2055537371414,156.43820481673603,6.873173250701827,1.8724630380433105,227.63452774366672,1.0449269776844468
207,373.6563610572482,259.46528629477336,257.66666549195696,207.2493699221568,9.464484059366502,1.4455561184555294,224.8113548089172,0.8496207831698391
208,295.1169806122309,214.0073429447537,238.61272563135066,157.26235136799775,9.12604854438814,1.6093821374224682,243.17388227682338,0.7733111232521261
209,358.03609045518056,328.3824635277862,200.35171391617163,305.76460668855134,5.49796607806387,2.4461446098807826,203.9851571294156,0.6069206263364411
210,314.8771601036907,195.5781437948359,299.22695960736957,201.51699996907786,8.844516267204458,2.271802914533168,232.41157753951103,0.8297683429624358
211,322.3796850993216,258.9209739719439,193.3268219417919,239.7959011397343,6.2955607760486165,2.386447339372722,203.4740361976301,0.8282170446507713
212,355.38027741594465,211.1978371062115,280.06588761462837,181.01485060817382,7.5737590053608805,2.135849591361913,252.29837062751818,0.9520952505930722
213,316.69698242457747,219.2522789529867,237.02154151643086,222.95223840704116,7.371770647764514,1.9558470366085714,251.64758902774287,0.5369223827575687
214,399.4649478433253,248.23169322492137,230.1407379419874,144.24131100423187,8.275540106651388,2.87303933947692,212.81555272836107,0.8246438614429931
215,340.9834121688847,296.5276654498383,200.98604646839195,189.70345177026337,8.114219856124437,1.1557188763535513,242.28242501173642,0.6183988005594026
216,327.0897181984644,300.8579438183175,286.4742742683188,153.4967028066359,6.988069789847427,1.190627563067038,214.39112082996616,0.750794424957303
217,295.6220408431618,263.4878559359189,211.72987058607322,226.48773590289548,7.261589588456582,1.639175873975197,231.44995931939994,0.5534448048257651
218,317.46846025990595,264.4558412945597,246.7972667569765,182.4981992745928,8.057742360216865,2.107808140532415,234.2087913738675,0.6617627485098454
219,317.77200259084543,242.64789355116628,237.5599920671914,147.83629491479317,6.456006017691119,2.763752751467099,274.59218106529147,0.5926628345073278
220,393.3568839541214,216.29041764934118,308.0624559549833,140.63659547764811,8.341805105490124,1.2728043961431448,264.6898054573365,0.5231180278716808
221,345.7465435238098,328.25032028033155,214.48678273599484,177.12332479403315,6.624726022999011,1.627207181578403,221.6867584314399,0.5522836920677955
222,334.1945362482261,332.26044592145064,292.15555521460794,253.89832118403928,6.325466091741178,1.4532435023120727,265.7654007738623,0.4511124714760075
223,387.9864704256991,241.0991083429999,318.9069023247693,244.23700494707657,5.530605390074616,1.3532136867442977,265.17095551360916,0.44644063063716644
224,305.853562244141,247.71155176446607,268.11698624878153,310.7315119870443,5.996019773119939,1.3473985385868588,233.48116455346928,0.5183741729542491
225,300.6272816510634,212.23074752123244,296.096052023834,134.1932722151538,10.080794194177722,1.396348704081759,226.72364952955178,0.6224080278662107
226,304.05889123053504,315.4338356610855,219.39445437267915,292.7682054758576,8.130149248431762,1.393001979972539,231.12016313495417,0.5779755093247536
227,360.19532679044005,350.8016395591069,239.82336206796282,185.16623750213364,8.672448909011186,1.2336599553830105,228.72115629065934,0.5747905800917703
228,327.7741458603798,329.84012263254334,342.4435989539029,166.35229136791276,9.211764968069376,2.1459205207716083,274.98766391830105,0.4031398222252178
229,287.5048567520998,350.4735281850543,273.23364382361575,271.73582316701754,9.137714327606679,2.292863094735126,272.33076138950787,0.4859869333369653
230,345.58047597108754,253.08497255007316,329.15750647126697,168.47190238961034,9.268945065145793,2.0409908981738494,293.45309984840014,0.45954957725954293
231,290.21139501844914,350.4142530362761,286.1684435768162,346.8755149504428,7.842928573575651,1.844821013777116,264.49300851343105,0.3742532690431753
232,314.7972101798896,249.5660584393116,381.379100518555,193.5536240649817,6.778328779496799,1.7755721562170548,322.5849979785401,0.4830713235171764
233,362.6827298674642,291.68155515316334,230.15684903973664,254.92396547277306,8.176188145990285,1.7941295322146646,292.47951023411497,0.383638104499458
234,368.8170804942047,325.04417605158255,252.02599768521293,152.00091000381371,8.841946492623354,2.8641172104965555,274.71067779810954,0.40936913653980905
235,363.32077362605537,330.1970207539757,292.1188951561337,218.13186889303017,8.189699439618515,1.7523834270531642,282.63801166662086,0.42720082005123
236,270.1547601792707,323.4272868086561,374.3133919889434,248.20523664026737,8.974562936265976,1.9985311824291907,265.17411660921516,0.34556209641591595
237,330.1555105209545,337.4631446207531,282.51418156297404,191.42776377033647,5.912587292052892,3.1842849041392443,274.5188148167709,0.4875054958067304
238,296.4711908111631,288.0460392586963,334.3761909388953,255.3990718523036,7.413221501611185,2.208693645070449,304.6555368947003,0.4808393063929225
239,291.0682771558889,322.0193163340776,360.20241446604547,183.4353416691257,5.507021814758107,2.0991146845982436,292.16850989069735,0.5766803540470274
240,297.76115959671233,409.65405613697243,267.84869727574574,216.3237375471946,10.551234582902087,2.7388868093593666,291.5104717886021,0.5276412062959835
241,327.4916061760387,287.872704822076,327.6592352783392,188.23949502936526,8.044841562001537,2.6364507347371395,316.22034345594244,0.34853306242761284
242,338.7794718921771,356.908485476475,399.5452754980291,265.1354088202348,5.910713507550904,2.9646051373948112,308.6991713364448,0.5177863841514948
243,328.53916407399,331.1873351890993,328.6740407079791,233.23994295871069,7.617295763541973,2.0329957566948864,329.78357216831574,0.4127913259383521
244,277.24565958192517,371.14549508341145,299.3764458423396,252.10322054783154,7.1020722963035405,3.1458645768740543,311.65763995450294,0.43606829444863554
245,317.41414822399213,330.71446251931496,347.29521730087595,211.18910294520992,9.940571677194358,2.4473386979798866,342.0111895310082,0.472726388658135
246,315.28042468450246,343.06962195875036,398.4924341039416,276.8748389588954,8.328631231683595,2.0850422003012987,266.05631078706074,0.4412902741756308
247,337.1173461563496,411.84511749858194,274.16268331465324,268.1372018907107,6.787607054466535,1.4214395803793813,315.3868000769935,0.510386380448583
248,292.71207070508376,456.1053516922643,356.3340403612399,216.3146825599868,7.013220819559917,1.7120039524054098,327.6127449649226,0.5904183701074731
249,302.65477432137857,411.2265749926498,420.80098850928056,281.8271869414547,9.994428528081668,2.018317831053531,301.0027995864916,0.47531598383000695
250,288.6454860413387,407.91992974398687,336.48012309812896,327.6410015986493,6.652269850060689,1.9813785435151736,383.8050293830436,0.45319391930084035
251,329.40165242234974,433.81991497344075,365.89577812990365,192.6581952645704,6.2222330995704915,1.863061670255639,383.4591728646294,0.4463004827834123
252,281.94213930758156,348.8464564802472,492.9230771293166,343.05712130701073,8.066401926702307,1.5755204992118088,335.2076859295983,0.5204728969627803
253,306.3011067285199,435.21881618142936,398.7149740168281,432.28046083038043,8.789446608371314,1.6824580561491027,348.8735783359566,0.4585561545304324
254,289.2818768544264,492.79874624801073,338.8070375333456,202.64302890978394,9.443872910431391,1.4813214055646236,366.6805185932766,0.4094072720809126
255,385.712003851068,374.5931830621279,390.2589710880869,205.80895526606375,9.506009309341833,2.028180530894511,332.6095369774532,0.4623147237987309
256,315.30849077453223,394.6872818686925,538.8199820339051,344.0712151404431,9.362534138066051,1.901167676517828,351.7954792889475,0.3358796841802235
257,290.313789007494,438.1134456250784,367.3862182771231,400.54245880932484,8.711794274775523,1.9829925963945056,439.2287138343851,0.40431344344471726
258,342.21304279288603,381.05959155652636,372.09241891003416,225.13952633865372,11.32338204616629,2.3871228744222686,458.0710828788106,0.322235349273454
259,332.1563246720891,417.7608539121726,371.2132396703412,275.62446025028606,8.136159387001179,1.9464255546859723,411.92407000546615,0.44537672719124094
260,352.38952279131126,444.35131412486294,372.54726976194434,225.253239155874,7.911890829359619,2.785918018685807,375.75098929404163,0.45539185087631673
261,311.31935989886824,297.19517092157884,539.6165926004611,315.2143745064666,9.510107195540632,2.321562564399901,325.8133470709408,0.5074481805992044
262,367.2613698470526,473.31288471046145,341.34058185952244,243.09865329944756,8.555487894456856,3.09399155578609,371.30819388615726,0.4655261187235162
263,354.7354808501609,331.3992621373959,408.0154218902049,221.1606704508804,6.612589678887313,1.8114056013418438,387.1725019225803,0.5491368157448984
264,332.6294772944431,359.58671494057955,449.2932036434472,271.57499566838607,10.32597090927083,3.2013917331001496,394.9031012303507,0.4207725072509987
265,301.1183168424807,405.713609826828,397.72373198601815,253.17185632717405,10.335906240023434,1.4763927870747042,437.79959036801745,0.38941953239082616
266,342.5443000275286,333.2528732493814,430.9943084581731,227.45068658253072,10.11959360832429,2.2780029892247855,434.1735090336218,0.39383202029676684
267,288.7785182077073,397.9240472519724,369.9439529105488,396.0457962443842,6.858337610346777,1.705257638405574,424.9627693802649,0.322981168252103
268,318.7363169527824,433.8875378094817,395.76544953211084,235.60693774110956,6.921493142916983,1.990982162759242,415.70790218633675,0.3933492193867856
269,293.78574047855506,402.22395581313276,356.9195350536552,217.2708630629353,7.0067051129838545,1.6930509933116382,387.3837516358543,0.5209184862734485
270,297.1355049087297,407.5418893435269,425.62300626841983,379.4750356486054,7.142609604872031,1.980526130150225,422.2892060196508,0.3814216535562245
271,310.6030454467953,460.178765514518,450.80324755405115,366.59550476423254,11.684707687306258,1.724606553127305,393.63566640288366,0.34978747469902216
272,297.75350376787924,389.7586467504664,316.54652508969,196.66124296914325,9.15799942162563,2.3554629406664698,395.7742567490891,0.4257765938196553
273,290.9362995096669,278.19334131787474,373.49303913339054,359.256574974516,12.260257253912114,2.9170233549619375,421.87630448495656,0.2975287774302629
274,362.1288851652013,381.3934581592505,348.7615866671009,331.6994982431024,7.480425690509393,1.824744165450264,448.7208750742195,0.482921217101948
275,309.1604883635082,268.73521061459076,448.468563485231,210.94073306874841,8.788386438066288,2.2350745516455612,432.16564207265077,0.39115089011086035
276,326.1620299542208,421.3737535223232,338.9371198652165,201.35090535470667,6.191967773671937,3.770390257158508,399.05294898416275,0.32181207579390647
277,338.0167142971364,388.576907047337,324.67230026910767,193.6874015368522,6.129934669219992,1.8367632186012286,383.5646766399218,0.41929174879355224
278,315.1778497600337,353.00722969018375,323.0074936691512,319.9508690812419,6.292356164713412,2.82806449456023,335.0255747815002,0.419797333460924
279,318.57634675027043,329.8642706159292,387.25985039944703,172.17772166295524,8.824736325422782,1.789250080650239,390.50973842314016,0.3513810227849239
280,322.9933350417778,291.63380005802617,329.64379173087264,226.42094395710117,6.40170470647424,2.2190831240734323,376.95640799208184,0.5076864882236788
281,397.69542074706123,339.9786986560634,370.492645469997,210.2351318370122,6.387146954135703,2.516728986593576,373.23625479836204,0.5178681716758263
282,339.53077955482587,354.133695060847,362.4145835015193,328.3377147051225,9.19322900787302,1.1098499677577975,347.1698295103024,0.3242081352370251
283,327.23274840477035,291.8470830843069,379.22827722587357,304.92265549941493,7.7330245588523745,2.7968492878491076,331.83572519519316,0.3685158792449592
284,341.25747971481997,241.622624079613,374.97546776523694,280.1504907991298,9.743403745336213,1.3958871402416644,327.434587717885,0.5292453940635771
285,326.2651364707524,362.42619528602256,304.42376775058693,187.76185214703557,6.376105140452431,1.0810004716571069,355.80164201318746,0.2492979435334438
286,331.1354950276982,303.9886525624222,249.96193322920996,239.64118861727658,10.778780931621336,1.6107735429005856,367.64111847820624,0.40338661887247906
287,287.6798421286048,285.36749384587284,272.08200922658926,186.48073628790095,5.646448065125775,1.806359698679534,398.22807018163724,0.29769962097307523
288,361.8174370113165,297.0652695780932,272.9744919181124,136.64528902065214,6.095900477812281,2.582359964257879,334.3609557428119,0.2753502837172672
289,320.4816683572421,319.3610662402725,272.5315447358879,133.32248658610436,6.548994939821886,0.983210255062108,321.5902906857792,0.36707932331606896
290,363.3668780063412,305.249900101126,320.58670593345164,242.66259509341475,7.33810869066634,1.8255516917082337,349.0304304188237,0.4206399878623093
291,327.67499894929114,307.682377423239,315.04848608493745,129.89813022292662,7.596349796385189,1.4711957061946497,289.97732646754235,0.3717710655495606
292,312.20856771631634,265.0388846395077,305.40563272866194,176.61435717466617,5.190777245244479,2.555356382502562,284.9605757189664,0.3263371747181766
293,387.2224873644464,268.87122619817325,273.19669565909675,144.6366193962733,5.93393673012561,1.4040640170483296,348.0021308729172,0.3751154680040236
294,309.68801725969803,288.26424891058736,304.45073307548455,161.05566011179724,6.5238269202334855,2.1494827498384494,315.35900231650504,0.27805274969444677
295,333.5960039027597,264.0765001446304,341.1922736489113,166.9488291363349,6.149218201481596,1.2857195249073665,304.09080094643855,0.40953210114358396
296,325.9978633639104,327.71649084284684,298.37807687049093,213.6491578217193,7.393343611552438,1.3915809971307518,313.0788173363095,0.25884122913294705
297,340.88748699314084,307.04938998006196,242.9506441965819,209.74437803429194,4.986016147648907,1.5893970508498532,339.07734159976565,0.28414452704108023
298,349.5267410090218,339.14472184823336,289.6045214901901,153.2360542939666,8.223432516164314,1.5874326949229896,288.53244696455357,0.36767925605281643
299,365.47964245251893,313.33238467727296,362.40424261251235,191.71973964958767,4.992371595853087,1.9398090252799456,298.1694236656791,0.2090144967149506
300,309.5243451303546,284.3106489168097,364.0120651439179,154.34656406692534,6.729097396870554,0.9440161357300946,291.2361148992127,0.2674572355688419
301,318.79879949498604,315.5945281941606,285.38132975776216,223.7720889627721,6.6806380966976775,1.04334217075122,336.41192398939296,0.3637747716819959
302,271.5829125260185,285.0687744260165,355.7553901497314,157.01031113219958,5.708000605687837,1.0550609966620288,323.00443341308744,0.28872327436372847
303,268.8133733754223,254.22245633756475,311.9286802586107,255.67091875919687,4.679341911101306,1.1638043039895987,286.00752360677234,0.2541536584992865
304,317.25753730555493,322.64360503931664,272.4692983405172,183.3882720931025,4.407309113389292,0.9592961231661398,284.67035715814,0.26037740757683064
305,336.95084080671694,346.1020903080731,260.751750259524,197.89540009651438,5.514086783752891,1.2454244770848006,367.0831269247337,0.2209265540811808
306,317.13772039195965,268.5586490845493,280.0589129718629,168.28629667521122,7.03174968722027,1.2467483844310285,336.30521250245755,0.18257258696461987
307,308.72439942140414,256.36192265292135,342.3094086344091,137.93405448631933,5.193838548049341,1.2655539732101284,292.65467130567487,0.18216025741800554
308,301.1235436396,259.7561094668065,259.83488133165105,275.35465844373243,5.07782700212604,1.8536150230201185,300.2326015067211,0.17598191784062775
309,318.69199536446,302.31258439054903,224.83496542074417,153.33483733527618,4.14800169678661,1.18843777062717,314.5874032383862,0.2244361576963364
310,384.8911248789113,261.9023170173298,334.24525839246036,163.67227420898487,5.788526394920425,0.9332351313063191,259.52107726457547,0.29987468191153355
311,302.77391063605,279.9977898803032,323.4642757207237,163.73727501155267,6.568214886970443,1.307705516328689,291.1288153443365,0.2255730879609233
312,334.93878801740163,270.48189649414354,229.52507913571492,130.22921930128018,6.691104294095856,0.9968047143685347,333.1448783079604,0.2458399581389739
313,310.03647777215735,288.9773939765485,281.1682429297059,175.29134917350495,5.741575631612099,1.819467827572454,270.46991366344514,0.2883707843117864
314,289.8634056716848,290.7368935155827,234.76059796397738,225.91118018421662,7.17119542186898,1.1969518522198903,248.11415416851025,0.23709512682334402
315,358.8373685608514,288.5540342119383,277.0044219366524,135.7938527761716,5.920323078534498,0.8380738691771816,297.49224327915107,0.2779601325118464
316,308.69114309825636,263.8448192377372,266.35025504405394,190.5993097210762,5.74324753452145,0.9985190358209995,270.4501902416949,0.1956729589577642
317,287.88732734484597,274.86070929655125,299.28017341092425,158.28657423005944,6.012139163094101,1.929444034243734,266.4941944871829,0.21477523277651217
318,296.9073941707624,252.62624694125674,335.04744249328513,139.51208710929149,5.4340519516924966,1.5079414289624888,279.71262992929013,0.17733576844871923
319,310.592865255305,275.8929488220922,271.2208408792883,143.57790497174653,5.442630998803268,0.8296093578121113,302.49356483331377,0.22775028761706362
320,317.18456472622074,283.2347689012084,237.4009065493433,184.65673460403082,4.001306563709948,1.9016938956073803,288.4537526900287,0.26165622307055975
321,315.49620108849547,255.50828268457064,249.46634422082627,141.62499446392482,6.845484809476227,1.0232836775403293,288.2455809669041,0.23696505529048623
322,310.76923887115777,234.6298064414709,273.28186364424107,138.93878638847238,5.824265030145324,1.0274091525053042,258.0174502004252,0.17245506837916197
323,315.844479285696,270.75602852325125,257.62077252364907,157.1164401424549,5.303579316282288,1.1821596862327108,283.79133267265814,0.1550681960294294
324,288.5388345795891,243.96716391313225,249.3449377954811,136.70242673502656,3.8324265916990257,1.335037218680815,299.801525713388,0.1945573104067056
325,313.71331602339575,238.57945806952765,252.26096734604263,165.92730411888536,4.567697620697232,0.9714715105938987,294.1522800260234,0.16274729158105522
326,316.3332550127824,231.65057041942248,269.1117073586415,147.4643089432638,4.099793148956942,1.3553740285681586,248.8790854379163,0.22626608747873522
327,331.60111341109956,299.1310590500053,232.11272915251888,135.64611196281865,3.908080903458727,1.3981812851286737,253.46781080844337,0.22107124369618947
328,316.23730753432415,271.10149244138165,294.16885914512744,110.78906604426605,5.842647641521316,1.0325264129433795,299.6338877412045,0.25425763917586064
329,268.16668416685354,262.404804063013,287.74172980085297,111.39466033283226,5.7983942755033295,1.3060230025806254,266.7950092044476,0.20323585882454936
330,314.33268379555085,261.7663807622638,274.5457691945451,201.37778012819865,3.6636563687193013,1.921841960097285,252.5415690008348,0.182107028895083
331,289.5392565318043,265.1631554090401,228.72124441005025,123.57734940315682,3.296044065494081,0.8756568884464955,292.09114640997376,0.21754300681201064
332,336.8135187048545,250.02486089113756,245.45538334802558,109.66859198163134,3.940933065991994,1.9832084736013906,222.55683119611967,0.15485117400364382
333,320.52053789341073,333.91836213624697,284.6599746955784,113.2812060491698,4.084165544448872,0.7072169172435581,280.3101526425256,0.14865900389712652
334,288.5428373319734,239.56339496547946,260.739574194988,119.32124188818328,4.806252583360031,1.0690396464273042,299.75385631201164,0.19685030533180883
335,317.21307363939366,232.90047265536327,311.16889791434073,189.07427596376283,2.8619526663843544,1.0498753064865232,267.2290897980845,0.14790361976825955
336,329.9585275802517,298.7724555428557,239.84073438184006,114.94404626584455,5.894341104069934,0.9709368457498317,265.2124861919489,0.204724884367181
337,297.3660597600924,261.26676623165247,256.2691834723862,133.53981629748932,3.59418084449073,0.9172658112286465,256.0756793648279,0.1962963128134303
338,324.1214916900958,267.08904957299615,253.7648083773963,161.3457621222478,4.95863982400577,0.9984900757104707,270.3232741298898,0.18709432066699866
339,288.6942706298735,229.67375336760523,270.2908284985203,123.82044667208294,5.239132617314282,1.1566864642864796,305.67519184812176,0.17414092534165054
340,279.25514688619865,243.90518432079568,226.3273525189747,98.28978849253598,2.8869711225844847,0.8600834057736887,253.48200219903885,0.22840715902250855
341,272.79913348009234,276.6429922069276,317.7362090395688,122.7767111136709,3.6937625424762537,1.2045983476388764,274.542537089687,0.14314977325112554
342,328.34495160330476,288.45090845126475,224.92558015536468,147.55472355776806,3.0561625828610572,0.7799694236098134,260.78772210273314,0.17503870022493898
343,300.3122526426809,237.31774257575532,233.27644702518813,165.37801240379102,2.6544078270546176,0.7080670703044072,255.78097821809766,0.1745947535314763
344,296.5184866884219,254.15074763009176,287.9099803568236,102.18736937354686,3.1080193027988017,0.8611231835849751,300.4853114042542,0.1836003643329784
345,284.90885556311974,237.26289537616367,229.02122622821759,145.18496583323974,2.7782610011106823,0.43454516915900376,268.15236016198963,0.16244842270270549
346,249.11265615517573,265.5429831055122,238.0277622675545,96.77938211814431,4.737119215179331,0.7849797034871623,303.90367311816135,0.19368766849507676
347,355.09959728344484,272.80453575593594,240.22522252667807,160.90604852628857,2.6480853070883006,0.6796586763442806,256.37966016525695,0.1609377872130737
348,300.1290603633903,212.0870965314162,332.2826719173951,142.64536817033482,3.047151990846339,0.674185637657365,268.2527382206379,0.14631580493367627
349,280.7014493713386,222.262655769137,275.7483324198081,124.61431837303509,3.7403037027573025,0.7298232643796881,253.84163800973334,0.13562535707747506
350,295.5008969569292,267.53461163828433,225.11696994696493,160.16771755647247,3.6951657641597806,0.7295962185278938,243.91699243334133,0.15807373223913576
351,271.18189685964455,244.4643545874835,224.64858835331546,97.33039387728991,4.506475548230002,0.6607609651673363,257.83365555285104,0.102890972742616
352,297.17637301185397,269.49386712517867,225.25578022346804,117.96271682043022,2.6370359177648974,0.8794667758222788,281.9160148761617,0.11725091900660958
353,261.14681508033925,267.38883692573006,302.28663217111114,101.3968795268368,2.25413901334119,0.931333912393221,211.59961291663328,0.10798888250139654
354,251.25319010772992,270.25090937040864,288.4041485810096,104.26948952768942,3.155064349481572,0.7866065791739866,254.19685713042412,0.11307305200733335
355,317.44458022054727,286.7466407018937,272.72669271680957,105.77601269762886,2.20950085971741,1.016318251995543,256.0870717083599,0.155403503809535
356,271.38407021279465,281.3989357919439,298.91295598004126,111.09478990471627,2.4548807743489425,1.005764028277964,282.33187590841237,0.162670287344997
357,281.50332338532434,294.34758860354856,291.8114017199302,122.5527994887058,3.114526754339911,0.5038776199108661,272.7481287239702,0.11209507460422244
358,254.20242167792284,266.8979097977417,295.34406887291954,163.19903880190856,3.5904730570233587,0.6312920669085645,244.9565409957202,0.12875479293125353
359,265.7770070512353,287.1812693677636,202.32710441372345,223.76539387817968,4.06078594720622,0.5921273365249472,285.96528501068366,0.15621529418336735
360,273.3411102417604,290.77229130951406,286.7332607171875,104.38937454626873,4.336805112400778,1.036232084019331,275.14061770773947,0.12756042532595896
361,285.74442335490414,244.95465138433008,273.38411228748674,112.45117045902161,4.7658145552056475,0.5799996183753224,291.04811989908507,0.13707467187124514
362,309.98898662948136,277.1016859540016,308.96509703586236,172.98740960562918,3.5146808423250215,0.9529901159652632,274.97182742949167,0.1492553481806161
363,284.0957741975151,276.2874133796912,258.1154095283045,84.5146903002506,3.3029344422639366,0.9011617852552927,284.25014208325916,0.16131421942374247
364,270.2916207969464,250.0719300634478,244.3466660818167,98.43975034034172,2.946963854738835,1.0659106401493927,235.75061257820445,0.10751117340863035
365,318.89611446025395,325.9195661233833,265.4111175727754,129.87424977053746,2.509683077370574,1.4787196358671453,272.749203363217,0.13627555782851175
366,296.0720305491234,391.6221706155599,289.52421988158403,168.10310759414963,2.9062353670592223,0.5572972981123495,291.4776773173395,0.15055708497887157
367,287.819184048445,361.05253329044564,280.3389724434601,144.1948739080632,2.2475497389312196,1.0565191562967409,254.60578640964684,0.12399254917403935
368,276.60456267250197,378.0302281189146,379.3145277991113,124.44720813568205,2.624613744458262,0.4245221008488816,324.98808093637666,0.16485537599545705
369,286.06386218393783,380.1606339240167,305.0577925619213,150.290889315819,4.088782917759133,0.7664879960220371,289.08100168620945,0.10343290663605541
370,309.9126660966275,316.75541330780754,375.8604637141707,139.21620024417354,3.5077761927075617,0.5048344404051948,298.58220537852776,0.14737524618686262
371,289.97654052340454,418.879694879207,292.03344345988444,91.60533070396446,2.64153999420563,0.388240909437353,337.7236036534548,0.1047695957818788
372,291.70417909691,411.43175642641165,325.9032705747836,135.59760371583226,3.52687463013992,0.9942375324150132,275.0197844045491,0.12580063796538293
373,260.1919620783219,424.64874724451863,365.3940126215149,121.76619844773657,2.8992753403364335,0.8548295810520039,319.23377491577133,0.13977348345701912
374,240.67745985012368,418.7006632872639,367.8106440574644,101.05589718803269,3.5178780344800957,0.964196689464945,331.3018087734683,0.1558301086832074
375,306.7904271501715,498.1844345568198,449.3299375444395,90.33811182217457,4.064920909959281,0.7314275079789205,347.69369823148406,0.1429232968701669
376,278.34629833741826,437.52340892156565,406.0222534284542,120.03785330697902,3.8439857801054935,0.7888515218763428,350.696438791147,0.098150244150596
377,256.521191047112,510.89398989617524,475.4786635287497,149.47803437927968,2.506027279412373,0.6091073237153884,340.3651357414971,0.13708851615108444
378,303.13449838678946,521.985962834754,458.69142871611587,125.33493451996391,3.401536263160946,0.701956996153245,408.62145133698004,0.0934428446526549
379,317.0240277157792,493.57305688577173,457.93305653656046,147.76378693438951,3.4107827990459985,1.0297751757018774,357.4085668990349,0.13778058980099478
380,292.4321050407634,588.1183334859452,466.16549951262715,125.10414886573457,3.4463334720633916,0.6511070722675462,415.1471511050346,0.14106267131543695
381,292.8966611963648,597.1723773511197,521.3703751674083,119.72395485333666,2.9400470354792607,0.8031567841304385,432.3168575074445,0.12917592326685406
382,295.37282523304816,558.7739513209747,633.4574475726914,193.12963438698156,3.4015356597519477,0.5040631442506063,411.4708415332928,0.10773009435219544
383,294.10673957357596,574.2721799495172,510.9698923034301,140.57606960204342,3.5113952798798658,0.7483958134798618,454.35477564234907,0.1622654462549583
384,287.62402065671745,615.7410362663774,519.0937469503212,119.82568552457677,3.340780139084486,0.825036516068097,462.88313722162246,0.13559904860045738
385,267.91494550651515,612.4454673458479,549.5052582973353,165.66676454397316,3.977131382190182,0.6581550292463932,464.7250523206433,0.12344215344891778
386,270.98222945834044,606.5904138238832,509.4575793951007,160.8402521501792,2.721001205614522,0.9169970297375544,496.64598521079773,0.1406278055066345
387,277.54987563126093,649.5536111310579,623.2834639285946,256.8215197404365,3.819112421585808,0.7951117228573641,489.9488203786459,0.11228374727299646
388,295.64045859055125,596.7339377918876,637.2230944590153,200.53120412053678,3.1684815511534543,0.6225171370958279,457.5405854837819,0.1536698206237687
389,326.1439198722601,705.9496232282654,646.3508802875261,253.22750892740615,4.603629670944556,0.8499043451035349,534.4136305799971,0.10228743833742564
390,290.6508860188968,620.956229944855,552.4840527557285,181.12973326287755,4.224044284740559,0.45758690880992986,543.3927489209204,0.10829728747333826
391,307.6489468388155,603.0507807483503,697.0918651428717,158.0618583099043,4.559158585352222,0.5908880945245926,567.4205779021897,0.11876634233003301
392,319.84094513082897,730.8626222475771,677.720452433555,136.54528155112075,6.182563614591056,1.2186415284856364,553.7296757399921,0.11778966464227515
393,297.209067632892,632.8485743632249,603.0831644056146,174.91644228975082,4.559613740115761,0.8400110403024921,533.905733898516,0.10484657089617669
394,292.8011638409608,654.4873540089725,596.2280931592396,170.94600642853797,3.759901565522479,1.0219496760716704,669.853624565857,0.1563677971671616
395,309.30279352171044,619.7191671460486,691.4228963068978,219.71722781592575,3.581372136529284,0.7883080649098542,605.7067360576926,0.11464199543832594
396,301.44509374924183,599.4854356339782,653.9107822694193,256.89145208547524,3.2219769862259673,1.043283085525565,679.4632581430706,0.1392923891199682
397,362.16170512167037,638.442431992222,646.5022665150268,207.48295555087012,5.682566945376062,1.059340969924862,634.4766652207087,0.1301265798605479
398,299.23455790028044,562.5483266048931,728.0454659790262,218.9865026325057,3.493523275794477,1.8063816809431845,608.418462736998,0.16777774138181434
399,339.8062765615304,494.5358338624146,515.9292463655461,174.34427304993932,3.8770431272557344,1.0750118360671943,609.8217881545658,0.10813160326196491
400,335.86502924451554,588.248251523133,546.044265097276,164.99674014337734,5.177049727943096,0.7112871467507336,599.2718858854874,0.12626392259917507
401,318.5298947218253,621.9115782961485,561.249149611392,201.0503813515658,6.508246525694513,1.0783232092893906,561.59005733555,0.11072962253025369
402,357.85369702981916,523.1711080096409,602.8032949531465,156.89802136261403,4.348805554020254,0.7437150477734179,617.9390143277819,0.152174318124274
403,293.49247178878886,556.0544787776278,538.4925168918616,157.57624539033995,6.0023350267093125,1.7425773267253897,576.494508890974,0.17277740648153653
404,293.5730533160939,491.56743247111217,558.0236527928441,239.16416414893337,3.3652840592815787,1.1049202915843597,587.3843499435441,0.12559951646338674
405,332.91118395736913,442.71963513227604,693.5041873336011,166.45502639199026,3.874901291936429,0.6717052494816077,626.2965296693433,0.12457106764542429
406,347.312288497384,424.0451766139132,564.990969584202,141.86562081824383,5.39830786980978,0.9164023811226522,583.1456147174689,0.19849012541285682
407,318.0011311183191,499.7332742184975,423.3586536310494,183.3332666886932,4.087464728209138,0.9852664696260427,676.1239186087703,0.17223643227251959
408,308.088687714348,461.6842066447499,441.0986531477299,140.64607494160583,3.9546559148542912,0.7171614671703779,530.0798559524417,0.13865779228848982
409,354.28673007275336,412.58020597295314,519.0069442455999,105.11938668560947,4.206466405970699,0.8621100123063569,498.7342852812301,0.1251877468551979
410,336.995081736736,404.2658726880872,437.10714835871175,124.56681622057036,3.784898107344213,1.0650393130228641,561.697373410108,0.1478364107149799
411,348.6491926321074,421.24053461210843,411.619587323711,104.02376860185774,3.8275592196935024,1.1607077858083,516.810019291393,0.08803250041360033
412,369.0578321634934,414.08534101464784,418.82902388042174,169.1045966541673,3.200116401950664,0.7581047671977855,523.2231291409718,0.1285497503710275
413,336.4411338497878,372.8819199019864,514.5228071803023,104.74809362736616,2.6696704503026973,1.2632340861036673,519.3542561131213,0.09615803408117711
414,317.59527188829856,390.5072588942164,422.7533143200982,127.68046202494122,3.2722293559255298,0.5821211802563021,497.84597185112824,0.10968830338267137
415,313.4360490183069,348.2608244602183,422.1193100056398,105.91491098376713,2.6809149716551937,0.5372549393855449,536.1447271256602,0.14600086041490384
416,356.26596274168514,312.1491846402151,378.2285268181023,103.8660053881259,2.920012612773252,0.5746489820651555,511.4090426061341,0.16483982313014545
417,355.91639020469756,339.3632266755165,353.8271424289501,160.32236339079316,2.8950990751068257,1.0532021561972615,532.4469614180889,0.1303613159594878
418,382.56241740287544,269.5366398252128,345.6080872410464,131.82020393454607,3.2989843219707744,0.7722482421922537,394.6017963016294,0.13456508978045964
419,348.56316007973214,323.18048797279704,364.0436413760167,136.95128421016267,2.205412008848449,0.590019456613188,443.4810793626659,0.1289026150787784
420,367.9482170249673,295.09490973320777,276.2007907721945,111.35839571443645,2.165436830711895,1.3222873726440079,396.9576865193146,0.10734868424203735
421,355.11177175183053,278.3772803649961,358.41928564065,75.514965066001,2.090727428505823,0.7902535029799641,412.9580716765541,0.12148971543471948
422,352.6945172117932,256.6076797289855,311.28362231297086,85.16348580442329,2.2338882449521047,0.3835804178062576,412.14908145835295,0.12141804507803167
423,308.1484274068222,269.46755349391236,264.4938013820125,70.91319248514874,2.3127872066433848,1.0575751124360289,390.709820003612,0.11903555122548118
424,362.6409874185402,249.12455345092877,301.4161163507375,75.9007309889137,3.1501328400539115,0.6771092765208919,288.7514628455172,0.0907280416047406
425,384.83632246304137,244.42359930758522,276.09107992098933,69.71215311771635,3.02081976674088,0.7667860682042927,371.08176928128677,0.1007265010673176
426,366.5894356623439,252.69152192794292,241.85529512483743,94.84679403211572,1.7634908169627195,0.5922907562394228,304.42632468183876,0.12356903808457283
427,368.2401759048051,211.08684579764994,278.07859331917723,55.37430238595434,3.0806273575826175,0.6984807761162317,292.7768978652656,0.12530882545036487
428,358.9088689539834,219.69300060629146,235.95618609739617,78.77627926518728,2.240821852449172,1.0502657326635751,281.9863909339042,0.10418294600671722
429,350.9713815830323,247.21699092724634,209.01179229878696,66.34314526269564,2.5689570769408485,0.7799842424052034,319.696414354587,0.14149203899513232
430,359.92382482630825,246.90726048592657,215.30380454370268,69.02652796502628,1.856933790143338,0.42772396178506694,324.71975596873716,0.09110209341788827
431,351.53727589601664,201.57851333630595,238.46201230866157,50.58152776379063,1.555599171514192,0.5668618984022139,301.3885944313859,0.10053542448095026
432,337.80729294142486,202.28415019053088,204.33746027433807,58.70492317141089,1.1049940577331125,0.5572901129879178,256.4462801175994,0.12133375233814925
433,335.02918641351226,208.78625072307932,206.1218645281842,69.44424242685884,1.4225539382245733,0.5650580908375424,263.945703978146,0.12753721649361063
434,338.0056557107448,191.67440839929552,254.74292218654557,49.95072568042774,2.164001538441417,0.8105623635021404,248.1949145355589,0.10833878316292248
435,377.44217779316836,209.06209349270858,204.1718856269396,51.22001403954889,1.5990802003671458,0.4726699575389322,226.19962845221156,0.13525073702413526
436,345.2289354344441,190.56739373121124,209.27417887425554,49.48426829036886,1.64775648384363,0.5514166005539504,243.81313658430892,0.0900584604373866
437,298.61565955920696,204.65071913788483,190.00910627081936,38.90174291742193,1.1526033401872589,0.3045537643362579,254.292625936643,0.1143279086678834
438,337.8310797874875,217.46261764457378,193.23227143455674,34.471637247720395,1.416099293992428,0.44108889222018854,226.44419955483002,0.0860659311583634
439,338.05150064086524,185.88041315490554,253.37376775804827,43.20798235835126,1.0589125847276877,0.3311761912972537,229.45975025064365,0.10013643176333956
440,332.1216137996504,187.39180886986304,179.9560190232325,57.87461740352523,1.2578809883611464,0.33480938909007235,261.3541190246307,0.1348092731986469
441,339.27848135515177,201.86876660671055,232.86968744205632,33.24451087365596,1.3172638169235873,0.2977906731396577,235.4293043188298,0.12172967832849639
442,302.8467082545366,185.57898793683822,179.1572478426119,30.960313257839353,1.2660753199542778,0.5531362577983641,234.5687647829558,0.11536506867676079
443,300.2500930645735,176.0261455574549,174.97230871865622,47.58220915071146,1.1011083191205644,0.22273314760175306,181.3314803050859,0.07409601439526846
444,346.88123064549353,182.74473401473642,172.09451024602623,33.30034227494388,1.0105290812052383,0.26401010029645355,214.45362994513778,0.09537602822187077
445,332.39053769229184,195.86998795585617,220.9491306661296,29.513759939698133,1.170639433001416,0.2587362986977399,174.75869889536483,0.0919824588915063
446,297.8208793160765,191.72028748173582,190.38991210710662,25.61972921877818,0.7896010020318445,0.527837291323687,189.59043904805333,0.08839200027213077
447,343.79702461614943,194.37296961959964,180.68554126528346,36.18914103461992,0.7528757773899222,0.29694918276744603,208.99102327926954,0.07644194423460882
448,314.26350378034437,218.6128620192527,231.01282187904368,29.056721335005395,0.9995381258540358,0.19407442059437455,248.28074804863317,0.06781717241576554
449,360.8517498971418,182.98744951009053,186.50548045104713,26.0602620212081,0.7460762246081929,0.38398125489048673,204.31424841472062,0.05845688175279537
450,351.8724568579886,186.02655773280065,218.64394200348684,39.43005028226177,0.7826324741703606,0.37219368357189997,195.22715574948342,0.08961425393715325
451,345.4593056239737,201.26490851970183,171.6424412869563,25.647036412125033,0.5150084047664257,0.24388483670459035,207.06279144480663,0.06473446143007988
452,300.0949766138249,207.98827753807052,181.98641986060375,24.02668082850455,0.7713899231264179,0.22550711173392313,210.1554022398484,0.058204521725057544
453,287.3615020705342,189.73080368066744,238.53044811106452,26.793668014151898,0.7077778930114444,0.2814952609202944,172.15939136515195,0.07588315644310008
454,276.3956659101956,210.51800590113203,219.6479001800756,22.402966192886527,0.5228147302703661,0.2073492141701248,253.9657695968463,0.051964865949712266
455,297.71101803261286,206.85686331194916,198.67743883604578,34.71583634756227,0.6322230889056464,0.11894011180546767,187.44796845600496,0.07619103302353253
456,293.57531778232845,203.56127038658462,179.11563869650132,31.56726605673788,0.6343536871387422,0.21314598760701167,238.46442903427013,0.045254338485568896
457,302.92778636119687,173.36159827979,177.86074406663292,27.840429689534496,0.7479262629632276,0.14659891702263228,227.41752951832294,0.05497962120310696
458,303.96943891787265,179.78455060643398,187.60865805623132,22.532509981568754,0.5775829363927077,0.13954473062871287,174.62152290363122,0.06345549940567916
459,326.1067431376323,180.92170438407672,207.74497464394935,22.383004356022685,0.6670973922053053,0.22985553009794488,206.83467800417844,0.038433262043317526
460,312.02898622708335,190.20044002063355,185.34502479493938,20.697510761597783,0.4693016565902608,0.11772180665094543,177.02387202076076,0.05913849701846127
461,310.11215382251373,187.35310392913703,169.76496581156002,16.602383876063197,0.7787968303917565,0.1353737197952411,193.94047580839495,0.06273399339232905
462,334.0629525901809,175.48286163938874,180.60859074141226,19.64077256395911,0.459634957776987,0.18691464694885232,210.60945824825856,0.06555642931363377
463,287.9829657709253,187.5781708941711,167.00758146314107,15.045076582982906,0.675747340565143,0.19959740906668233,200.55095489523598,0.051332860126280966
464,303.60795349476723,183.43939796559255,192.13170470041592,24.123551546011186,0.5539944672723403,0.2124659669790553,160.3780874899171,0.06134161710238371
465,319.06485742982096,204.1375417361297,205.7580727124323,15.169233410200137,0.300251910276938,0.09798801520378059,196.59026780323777,0.03333714275608704
466,318.4592985933516,196.9634000326897,203.10719771056804,19.20146491420647,0.5405921469349343,0.11243343784211024,201.01268404988107,0.0547201109385122
467,324.5249607814749,198.98843456023934,188.95156189323438,11.993379580385257,0.40969242366092906,0.12787454877761237,225.7449273384812,0.040930654438112155
468,306.45937795015715,207.76541048433893,182.27185777167364,12.040201333168836,0.5270189950268188,0.07635917037815364,180.8678583794391,0.03327177714669006
469,296.09041340503325,217.0811266725225,192.3244350546775,14.292219485326044,0.3538492601944474,0.11420021421640103,169.7129996370653,0.041455795218066235
470,270.4398688620547,222.49164266770418,227.2747287683196,14.27468043057415,0.2787692175405376,0.20765556529516122,188.28935120974103,0.03629375923147584
471,317.651768691164,198.8616074914657,194.91301694528448,17.4851583622774,0.39703914211998403,0.1291288944519101,168.09167115230292,0.03890824456868395
472,312.15489985268647,238.93239207908135,227.21673624592526,15.851503365884703,0.2538331622596713,0.08788333439851034,240.3181232901287,0.03634331482196675
473,335.57779850754434,215.92317899210417,228.74707084769625,15.247942560640233,0.34941467103693613,0.12240117765621394,174.07290947747526,0.029903446654293002
474,279.1212426623383,206.35335503740535,200.0273449354421,9.406305701793096,0.3824943413328448,0.06481805179998532,211.75490167744243,0.032612339590374795
475,308.006131982403,238.64649775552218,206.05685231655735,10.264296787444643,0.31857719039383925,0.0970286930980385,209.6646830221323,0.0271262514522462
476,282.67822655697785,236.5592396027599,229.38239304091616,10.305148620137759,0.30005206592015105,0.0852668810938561,213.10369831215206,0.025804439564250787
477,304.0028679420691,229.06047980992935,219.26978121832815,7.130783600978566,0.29784599906269005,0.04527284584947408,210.4545063250068,0.027714113479256123
478,286.0951659041597,240.5608593818336,219.9583564402224,5.857427681591543,0.22437562697034708,0.11302904143201785,217.2498683843231,0.029298008994436905
479,297.398517242809,240.21028410498656,220.65421312270175,4.433941969659609,0.2282501611204368,0.08691338415842609,195.89011719103652,0.03213545802982497
480,258.7285304162269,246.60084332716914,224.20031049283344,5.338737333476963,0.25295722773496404,0.07308623362657236,238.17269579910123,0.023548325915558756
481,279.4813598069284,237.48971093973842,264.76148875033766,6.463897163646584,0.161135875977506,0.10034177439105921,215.1288735714284,0.01786256115281595
482,318.6260995879528,251.2216176129372,213.13435190349952,2.7864711142666394,0.22381547605450972,0.08735356992260679,213.00727007485364,0.023213449232411858
483,265.01490778202077,266.93630189412494,217.3207171420384,1.9233616124347472,0.16034367747823378,0.04934091019819126,219.29447537551522,0.025428556948852477
484,294.2644719876183,246.40436460251814,255.44040471183402,1.1583473127992154,0.09573307179894813,0.04055759823836735,290.47626995875885,0.019613924626396998
